
> electron-frontend@0.0.0 build
> tsc -b && vite build

[36mvite v8.1.0 [32mbuilding client environment for production...[36m[39m
[2K
transforming...Ô£ô 63 modules transformed.
rendering chunks...
computing gzip size...
dist/index.html                                                           0.84 kB Ôöé gzip:   0.46 kB
dist/assets/zen-kaku-gothic-new-56-900-normal-B6e4H1yQ.woff2              4.14 kB
dist/assets/zen-kaku-gothic-new-56-400-normal-BddnNaR_.woff2              4.17 kB
dist/assets/zen-kaku-gothic-new-56-500-normal-dDCO-DNe.woff2              4.18 kB
dist/assets/zen-kaku-gothic-new-56-700-normal-DyN9qK9K.woff2              4.18 kB
dist/assets/m-plus-rounded-1c-53-500-normal-CgoDvd6q.woff2                4.24 kB
dist/assets/m-plus-rounded-1c-53-800-normal-P-Vl3yqY.woff2                4.42 kB
dist/assets/m-plus-rounded-1c-53-700-normal-D2G3QmCz.woff2                4.43 kB
dist/assets/zen-kaku-gothic-new-59-900-normal-DhtzgqEz.woff2              4.58 kB
dist/assets/zen-kaku-gothic-new-59-500-normal-CvQUbgTv.woff2              4.62 kB
dist/assets/zen-kaku-gothic-new-59-700-normal-CObTz5Hn.woff2              4.63 kB
dist/assets/zen-kaku-gothic-new-cyrillic-700-normal-Dieyk8iF.woff2        4.67 kB
dist/assets/zen-kaku-gothic-new-cyrillic-900-normal-B3SFw1EM.woff2        4.68 kB
dist/assets/zen-kaku-gothic-new-cyrillic-500-normal-5Dinq4Fb.woff2        4.70 kB
dist/assets/zen-kaku-gothic-new-cyrillic-400-normal-DFBHt_0-.woff2        4.70 kB
dist/assets/zen-kaku-gothic-new-59-400-normal-CaNXxc4X.woff2              4.71 kB
dist/assets/klee-one-54-600-normal-jQJ4SmIo.woff                          4.76 kB
dist/assets/zen-kaku-gothic-new-56-500-normal-DZVMvw40.woff               4.80 kB
dist/assets/zen-kaku-gothic-new-56-900-normal-CRCKNGtv.woff               4.80 kB
dist/assets/zen-kaku-gothic-new-56-700-normal-DrqpsOI9.woff               4.80 kB
dist/assets/zen-kaku-gothic-new-56-400-normal-DCSw0Flo.woff               4.82 kB
dist/assets/m-plus-rounded-1c-hebrew-500-normal-CCT7yOwi.woff2            4.93 kB
dist/assets/m-plus-rounded-1c-hebrew-800-normal-DqAplP2-.woff2            4.98 kB
dist/assets/m-plus-rounded-1c-hebrew-700-normal-KDdym4EH.woff2            5.02 kB
dist/assets/m-plus-rounded-1c-53-500-normal-C-X5z5uR.woff                 5.08 kB
dist/assets/m-plus-rounded-1c-53-700-normal-CSKk3_k7.woff                 5.26 kB
dist/assets/m-plus-rounded-1c-53-800-normal-DlY_s7PR.woff                 5.28 kB
dist/assets/zen-kaku-gothic-new-53-400-normal-CUc8Bkx2.woff2              5.50 kB
dist/assets/zen-kaku-gothic-new-53-500-normal-BSY-7RzD.woff2              5.58 kB
dist/assets/ibm-plex-mono-vietnamese-500-normal-C8zxqsMH.woff             5.61 kB
dist/assets/ibm-plex-mono-vietnamese-400-normal-DDuiU_S-.woff             5.62 kB
dist/assets/zen-kaku-gothic-new-53-700-normal-f00G1JTy.woff2              5.63 kB
dist/assets/zen-kaku-gothic-new-53-900-normal-D5ngjxZ6.woff2              5.72 kB
dist/assets/ibm-plex-mono-cyrillic-ext-500-normal-BIfNGwUT.woff           5.77 kB
dist/assets/ibm-plex-mono-cyrillic-ext-400-normal-DMdlQ8Kv.woff           5.82 kB
dist/assets/ibm-plex-mono-vietnamese-400-normal-BulugwFq.woff2            5.86 kB
dist/assets/m-plus-rounded-1c-57-500-normal-BmFlM7a4.woff2                6.02 kB
dist/assets/ibm-plex-mono-vietnamese-500-normal-DZ4AoWbu.woff2            6.04 kB
dist/assets/zen-kaku-gothic-new-59-900-normal-CmlIRYna.woff               6.08 kB
dist/assets/zen-kaku-gothic-new-59-500-normal-G8454kzh.woff               6.08 kB
dist/assets/zen-kaku-gothic-new-59-700-normal-9xgDVY81.woff               6.09 kB
dist/assets/zen-kaku-gothic-new-117-400-normal-DNOq80pW.woff2             6.10 kB
dist/assets/zen-kaku-gothic-new-cyrillic-900-normal-DnbdXYz7.woff         6.11 kB
dist/assets/zen-kaku-gothic-new-cyrillic-700-normal-ChNO208s.woff         6.12 kB
dist/assets/m-plus-rounded-1c-57-700-normal-Cwya3T9h.woff2                6.12 kB
dist/assets/zen-kaku-gothic-new-cyrillic-500-normal-RUznZfXM.woff         6.12 kB
dist/assets/zen-kaku-gothic-new-cyrillic-400-normal-BFwYMsLD.woff         6.14 kB
dist/assets/zen-kaku-gothic-new-117-500-normal-JC_7u2dv.woff2             6.15 kB
dist/assets/zen-kaku-gothic-new-59-400-normal-DisCLOh-.woff               6.16 kB
dist/assets/m-plus-rounded-1c-57-800-normal-CZh1zrUt.woff2                6.16 kB
dist/assets/zen-kaku-gothic-new-117-700-normal-CwpYuzn2.woff2             6.18 kB
dist/assets/zen-kaku-gothic-new-117-900-normal-iTxaWpHF.woff2             6.20 kB
dist/assets/m-plus-rounded-1c-hebrew-500-normal-BG08YkWG.woff             6.22 kB
dist/assets/m-plus-rounded-1c-hebrew-700-normal-K7kxY8IL.woff             6.24 kB
dist/assets/m-plus-rounded-1c-hebrew-800-normal-JB4EIzkA.woff             6.25 kB
dist/assets/m-plus-rounded-1c-vietnamese-500-normal-3CsmIWCd.woff2        6.28 kB
dist/assets/m-plus-rounded-1c-vietnamese-700-normal-B9bsCmPE.woff2        6.39 kB
dist/assets/m-plus-rounded-1c-vietnamese-800-normal-BaABUDfh.woff2        6.54 kB
dist/assets/zen-kaku-gothic-new-58-900-normal-CSue-kUl.woff2              6.60 kB
dist/assets/zen-kaku-gothic-new-58-500-normal-Dfc-4WMP.woff2              6.68 kB
dist/assets/zen-kaku-gothic-new-53-400-normal-8w0MYn4J.woff               6.74 kB
dist/assets/zen-kaku-gothic-new-50-500-normal-Bt3FXcKz.woff2              6.75 kB
dist/assets/zen-kaku-gothic-new-118-900-normal-CKGb_4qV.woff2             6.76 kB
dist/assets/zen-kaku-gothic-new-50-700-normal-CBRdy8iA.woff2              6.77 kB
dist/assets/zen-kaku-gothic-new-53-500-normal-32uHewO2.woff               6.80 kB
dist/assets/zen-kaku-gothic-new-53-700-normal-Bb2ERoJF.woff               6.80 kB
dist/assets/zen-kaku-gothic-new-118-500-normal-RslETQiE.woff2             6.81 kB
dist/assets/zen-kaku-gothic-new-118-700-normal-gMwvDDgU.woff2             6.81 kB
dist/assets/zen-kaku-gothic-new-50-400-normal-DOnifuWG.woff2              6.81 kB
dist/assets/zen-kaku-gothic-new-58-400-normal-CX8ayz5k.woff2              6.82 kB
dist/assets/zen-kaku-gothic-new-58-700-normal-CKrIeMl_.woff2              6.83 kB
dist/assets/zen-kaku-gothic-new-50-900-normal-BwlHu4Nk.woff2              6.85 kB
dist/assets/zen-kaku-gothic-new-118-400-normal-ClLipn3t.woff2             6.86 kB
dist/assets/ibm-plex-mono-cyrillic-ext-400-normal-xuaO2J-f.woff2          6.91 kB
dist/assets/zen-kaku-gothic-new-53-900-normal-CQ5EDufV.woff               6.91 kB
dist/assets/ibm-plex-mono-cyrillic-ext-500-normal-BqneJy0T.woff2          6.97 kB
dist/assets/m-plus-rounded-1c-cyrillic-800-normal-D_r6yFHG.woff2          7.06 kB
dist/assets/m-plus-rounded-1c-cyrillic-700-normal-BKkNNS7o.woff2          7.10 kB
dist/assets/m-plus-rounded-1c-50-500-normal-tVPCOn5B.woff2                7.12 kB
dist/assets/ibm-plex-mono-cyrillic-400-normal-CEL4l2ZJ.woff               7.20 kB
dist/assets/ibm-plex-mono-cyrillic-500-normal-Ael50iVv.woff               7.20 kB
dist/assets/m-plus-rounded-1c-cyrillic-500-normal-CZCHCRNp.woff2          7.21 kB
dist/assets/m-plus-rounded-1c-50-800-normal-D8WN7iDn.woff2                7.32 kB
dist/assets/klee-one-57-600-normal-CJoQp8KH.woff2                         7.32 kB
dist/assets/m-plus-rounded-1c-50-700-normal-CY7DMeb6.woff2                7.34 kB
dist/assets/zen-kaku-gothic-new-3-700-normal-DCIu5IlQ.woff2               7.58 kB
dist/assets/zen-kaku-gothic-new-3-900-normal-ec39m1U6.woff2               7.59 kB
dist/assets/zen-kaku-gothic-new-113-700-normal-CHi3TasF.woff2             7.66 kB
dist/assets/zen-kaku-gothic-new-3-500-normal-BctPH16X.woff2               7.66 kB
dist/assets/zen-kaku-gothic-new-113-500-normal-C1KDzIFo.woff2             7.68 kB
dist/assets/zen-kaku-gothic-new-113-900-normal-CXg6xqao.woff2             7.68 kB
dist/assets/zen-kaku-gothic-new-3-400-normal-BCEfFLO2.woff2               7.69 kB
dist/assets/zen-kaku-gothic-new-113-400-normal-Ddk1d4pV.woff2             7.73 kB
dist/assets/zen-kaku-gothic-new-114-400-normal-CeJFyKKX.woff2             7.74 kB
dist/assets/zen-kaku-gothic-new-114-700-normal-BDUPHqEg.woff2             7.79 kB
dist/assets/zen-kaku-gothic-new-114-900-normal-x4n4sT3W.woff2             7.79 kB
dist/assets/zen-kaku-gothic-new-117-500-normal-QpZHLsGb.woff              7.79 kB
dist/assets/zen-kaku-gothic-new-117-700-normal-dQlMmWef.woff              7.80 kB
dist/assets/zen-kaku-gothic-new-117-400-normal-4taPEEFk.woff              7.81 kB
dist/assets/zen-kaku-gothic-new-117-900-normal-Bp3WflcZ.woff              7.81 kB
dist/assets/zen-kaku-gothic-new-114-500-normal-BkS7Nx7B.woff2             7.86 kB
dist/assets/klee-one-cyrillic-600-normal-D0Essv-X.woff2                   7.87 kB
dist/assets/m-plus-rounded-1c-greek-500-normal-BUCi5m0b.woff2             7.92 kB
dist/assets/m-plus-rounded-1c-greek-800-normal-mLusiA7R.woff2             7.96 kB
dist/assets/m-plus-rounded-1c-greek-700-normal-BPQK609f.woff2             8.00 kB
dist/assets/m-plus-rounded-1c-57-500-normal-Gt040zGg.woff                 8.08 kB
dist/assets/zen-kaku-gothic-new-110-900-normal-BsS3Q1nb.woff2             8.09 kB
dist/assets/zen-kaku-gothic-new-110-500-normal-Cri6du1Z.woff2             8.13 kB
dist/assets/zen-kaku-gothic-new-110-400-normal-BB2eSLXz.woff2             8.15 kB
dist/assets/m-plus-rounded-1c-57-800-normal-DJkE-eyo.woff                 8.16 kB
dist/assets/zen-kaku-gothic-new-110-700-normal-Bwot67CV.woff2             8.16 kB
dist/assets/zen-kaku-gothic-new-115-900-normal-BSW_8NGR.woff2             8.16 kB
dist/assets/zen-kaku-gothic-new-115-400-normal-B5_Ccl7J.woff2             8.17 kB
dist/assets/m-plus-rounded-1c-57-700-normal-Di03N9NB.woff                 8.18 kB
dist/assets/zen-kaku-gothic-new-115-700-normal-CgbyYXza.woff2             8.20 kB
dist/assets/zen-kaku-gothic-new-115-500-normal-BVm3Fvdv.woff2             8.21 kB
dist/assets/zen-kaku-gothic-new-101-900-normal-BTEuRX46.woff2             8.25 kB
dist/assets/zen-kaku-gothic-new-101-500-normal-CT6arkO4.woff2             8.28 kB
dist/assets/m-plus-rounded-1c-vietnamese-500-normal-DYm3qNNQ.woff         8.32 kB
dist/assets/zen-kaku-gothic-new-116-400-normal-CYfbZUhN.woff2             8.33 kB
dist/assets/zen-kaku-gothic-new-116-700-normal-C-rKNcu0.woff2             8.33 kB
dist/assets/zen-kaku-gothic-new-101-700-normal-CDEJpBUa.woff2             8.33 kB
dist/assets/zen-kaku-gothic-new-109-400-normal-H9nqLRWY.woff2             8.34 kB
dist/assets/zen-kaku-gothic-new-116-500-normal-DDphGczd.woff2             8.34 kB
dist/assets/zen-kaku-gothic-new-112-900-normal-nWdK5FVs.woff2             8.35 kB
dist/assets/ibm-plex-mono-cyrillic-400-normal-BSMlKf0J.woff2              8.35 kB
dist/assets/zen-kaku-gothic-new-112-500-normal-ZLSUlONm.woff2             8.35 kB
dist/assets/zen-kaku-gothic-new-58-900-normal-u73eewN3.woff               8.36 kB
dist/assets/zen-kaku-gothic-new-116-900-normal-BHw032G2.woff2             8.36 kB
dist/assets/zen-kaku-gothic-new-101-400-normal-BizDpY9s.woff2             8.37 kB
dist/assets/zen-kaku-gothic-new-112-400-normal-D143zup5.woff2             8.38 kB
dist/assets/zen-kaku-gothic-new-109-500-normal-B8dDxjXJ.woff2             8.41 kB
dist/assets/zen-kaku-gothic-new-109-700-normal-BQwzFgZ-.woff2             8.42 kB
dist/assets/zen-kaku-gothic-new-109-900-normal-C_BEKKYC.woff2             8.42 kB
dist/assets/m-plus-rounded-1c-20-500-normal-CLY2DoPL.woff2                8.44 kB
dist/assets/zen-kaku-gothic-new-112-700-normal-BENXUamH.woff2             8.44 kB
dist/assets/m-plus-rounded-1c-58-500-normal-CM3XwzK1.woff2                8.45 kB
dist/assets/m-plus-rounded-1c-greek-ext-500-normal-BnkNB9pZ.woff2         8.45 kB
dist/assets/zen-kaku-gothic-new-58-500-normal-C_uftcEV.woff               8.45 kB
dist/assets/ibm-plex-mono-cyrillic-500-normal-Bq9vWWag.woff2              8.46 kB
dist/assets/m-plus-rounded-1c-vietnamese-700-normal-DQ9VqU7e.woff         8.46 kB
dist/assets/m-plus-rounded-1c-50-500-normal-KoM8is4D.woff                 8.46 kB
dist/assets/zen-kaku-gothic-new-50-500-normal-CIY27X_I.woff               8.50 kB
dist/assets/m-plus-rounded-1c-117-500-normal-D85Xm_de.woff2               8.53 kB
dist/assets/zen-kaku-gothic-new-50-700-normal-DM5UFNuL.woff               8.57 kB
dist/assets/zen-kaku-gothic-new-50-900-normal-Dyro0p89.woff               8.57 kB
dist/assets/zen-kaku-gothic-new-58-700-normal-Co9Y9qX8.woff               8.57 kB
dist/assets/m-plus-rounded-1c-greek-ext-700-normal-B2CuL7lV.woff2         8.58 kB
dist/assets/m-plus-rounded-1c-58-700-normal-DMvuvblN.woff2                8.58 kB
dist/assets/zen-kaku-gothic-new-50-400-normal-DqaYt-Wa.woff               8.59 kB
dist/assets/zen-kaku-gothic-new-58-400-normal-D6PEZX95.woff               8.60 kB
dist/assets/m-plus-rounded-1c-50-800-normal-Cgn2L5th.woff                 8.62 kB
dist/assets/klee-one-1-600-normal-BS8jdcrf.woff2                          8.62 kB
dist/assets/m-plus-rounded-1c-50-700-normal-DngcdZhL.woff                 8.65 kB
dist/assets/m-plus-rounded-1c-vietnamese-800-normal-DYwIgpW-.woff         8.66 kB
dist/assets/zen-kaku-gothic-new-86-900-normal-B_-F2_G4.woff2              8.68 kB
dist/assets/zen-kaku-gothic-new-85-500-normal-DgNbyEzs.woff2              8.69 kB
dist/assets/klee-one-2-600-normal-ykHD10hq.woff2                          8.69 kB
dist/assets/zen-kaku-gothic-new-85-700-normal-CrSeUD6r.woff2              8.70 kB
dist/assets/zen-kaku-gothic-new-86-500-normal-CaJdWx6B.woff2              8.71 kB
dist/assets/zen-kaku-gothic-new-97-500-normal-B6aA7s-N.woff2              8.75 kB
dist/assets/zen-kaku-gothic-new-86-700-normal-DX68c6u2.woff2              8.75 kB
dist/assets/m-plus-rounded-1c-13-500-normal-Q5aHDoaP.woff2                8.77 kB
dist/assets/zen-kaku-gothic-new-85-900-normal-DxmNO6nq.woff2              8.77 kB
dist/assets/zen-kaku-gothic-new-85-400-normal-9rbYtwAO.woff2              8.79 kB
dist/assets/zen-kaku-gothic-new-86-400-normal-CZFDqIX9.woff2              8.79 kB
dist/assets/zen-kaku-gothic-new-97-400-normal-BujzbEYU.woff2              8.80 kB
dist/assets/zen-kaku-gothic-new-97-700-normal-BwMIqZwR.woff2              8.80 kB
dist/assets/m-plus-rounded-1c-58-800-normal-C87kezW0.woff2                8.81 kB
dist/assets/m-plus-rounded-1c-cyrillic-800-normal-B4-tIFhz.woff           8.81 kB
dist/assets/zen-kaku-gothic-new-107-500-normal-CV1dQ6_Q.woff2             8.81 kB
dist/assets/zen-kaku-gothic-new-118-900-normal-Ba66Uz_7.woff              8.82 kB
dist/assets/zen-kaku-gothic-new-97-900-normal-DXeI1kre.woff2              8.83 kB
dist/assets/zen-kaku-gothic-new-107-400-normal-BzsX801X.woff2             8.83 kB
dist/assets/m-plus-rounded-1c-greek-ext-800-normal-CjgzjZO7.woff2         8.86 kB
dist/assets/zen-kaku-gothic-new-118-700-normal-B2xpRQpS.woff              8.87 kB
dist/assets/m-plus-rounded-1c-117-700-normal-B3O1UUMN.woff2               8.88 kB
dist/assets/zen-kaku-gothic-new-107-700-normal-Bbw_eJdC.woff2             8.88 kB
dist/assets/zen-kaku-gothic-new-107-900-normal-CDuM8h2M.woff2             8.89 kB
dist/assets/zen-kaku-gothic-new-95-900-normal-DdKYvbIv.woff2              8.89 kB
dist/assets/klee-one-4-600-normal-BeKoIawr.woff2                          8.89 kB
dist/assets/zen-kaku-gothic-new-118-500-normal-BPvnosqn.woff              8.90 kB
dist/assets/m-plus-rounded-1c-20-800-normal-Bg_pVuGf.woff2                8.91 kB
dist/assets/m-plus-rounded-1c-117-800-normal-BaZ74EPV.woff2               8.93 kB
dist/assets/zen-kaku-gothic-new-118-400-normal-CwKEo4jQ.woff              8.93 kB
dist/assets/m-plus-rounded-1c-cyrillic-700-normal-DpMpPXn4.woff           8.95 kB
dist/assets/zen-kaku-gothic-new-88-700-normal-BwIe1gS5.woff2              8.95 kB
dist/assets/m-plus-rounded-1c-20-700-normal-CHXuRXsr.woff2                8.95 kB
dist/assets/zen-kaku-gothic-new-63-400-normal-BYs7txGT.woff2              8.97 kB
dist/assets/zen-kaku-gothic-new-95-400-normal-CWiDF41B.woff2              8.97 kB
dist/assets/klee-one-57-600-normal-u4K7xah-.woff                          8.98 kB
dist/assets/zen-kaku-gothic-new-63-900-normal-PZSlvu6G.woff2              8.98 kB
dist/assets/zen-kaku-gothic-new-88-900-normal-eQD6oGuD.woff2              8.98 kB
dist/assets/zen-kaku-gothic-new-95-700-normal-DxfOtPO1.woff2              8.98 kB
dist/assets/zen-kaku-gothic-new-88-500-normal-h3koZogD.woff2              8.99 kB
dist/assets/zen-kaku-gothic-new-92-900-normal-BI7eoE-L.woff2              8.99 kB
dist/assets/zen-kaku-gothic-new-95-500-normal-CPpay3lm.woff2              8.99 kB
dist/assets/zen-kaku-gothic-new-111-400-normal-BKbR5X-3.woff2             9.01 kB
dist/assets/zen-kaku-gothic-new-88-400-normal-BK-JCH_Y.woff2              9.01 kB
dist/assets/zen-kaku-gothic-new-81-900-normal-Bzh-5fd2.woff2              9.02 kB
dist/assets/zen-kaku-gothic-new-63-700-normal-Bg4E0f9D.woff2              9.03 kB
dist/assets/zen-kaku-gothic-new-63-500-normal-xwGhxXxe.woff2              9.04 kB
dist/assets/zen-kaku-gothic-new-111-900-normal-D5pWnDCe.woff2             9.05 kB
dist/assets/zen-kaku-gothic-new-102-400-normal-DSzTmcW1.woff2             9.05 kB
dist/assets/zen-kaku-gothic-new-111-700-normal-C6O0qDmr.woff2             9.06 kB
dist/assets/zen-kaku-gothic-new-92-500-normal-mFm0gifM.woff2              9.06 kB
dist/assets/zen-kaku-gothic-new-81-500-normal-BkdDimBk.woff2              9.06 kB
dist/assets/zen-kaku-gothic-new-102-500-normal-jWnHTfRO.woff2             9.07 kB
dist/assets/zen-kaku-gothic-new-111-500-normal-CrXizbbk.woff2             9.07 kB
dist/assets/zen-kaku-gothic-new-92-400-normal-BLrNYv59.woff2              9.07 kB
dist/assets/zen-kaku-gothic-new-102-700-normal-BozpR3yF.woff2             9.08 kB
dist/assets/zen-kaku-gothic-new-102-900-normal-BCyXeD12.woff2             9.08 kB
dist/assets/zen-kaku-gothic-new-92-700-normal-B0blycB_.woff2              9.08 kB
dist/assets/zen-kaku-gothic-new-81-400-normal-8AjStrMx.woff2              9.08 kB
dist/assets/m-plus-rounded-1c-cyrillic-500-normal-D23pKIh4.woff           9.10 kB
dist/assets/zen-kaku-gothic-new-81-700-normal-C39o644v.woff2              9.10 kB
dist/assets/zen-kaku-gothic-new-74-400-normal-CqZuOwIM.woff2              9.10 kB
dist/assets/zen-kaku-gothic-new-74-500-normal-DE1RzNNr.woff2              9.10 kB
dist/assets/zen-kaku-gothic-new-74-900-normal-4Ps3__Z3.woff2              9.13 kB
dist/assets/zen-kaku-gothic-new-84-500-normal-BK8uDVdV.woff2              9.14 kB
dist/assets/zen-kaku-gothic-new-96-900-normal-DmNGrgSr.woff2              9.15 kB
dist/assets/m-plus-rounded-1c-13-700-normal-T2uAYRox.woff2                9.16 kB
dist/assets/zen-kaku-gothic-new-96-500-normal-DKIymfXw.woff2              9.16 kB
dist/assets/zen-kaku-gothic-new-96-700-normal-8fOn2koD.woff2              9.16 kB
dist/assets/zen-kaku-gothic-new-52-900-normal-So5HdBE7.woff2              9.18 kB
dist/assets/zen-kaku-gothic-new-74-700-normal-CDxbpvW2.woff2              9.18 kB
dist/assets/zen-kaku-gothic-new-84-400-normal-Cm9x0gjw.woff2              9.18 kB
dist/assets/zen-kaku-gothic-new-84-700-normal-DKsB7k0k.woff2              9.19 kB
dist/assets/zen-kaku-gothic-new-103-400-normal-Dj0VzfcO.woff2             9.19 kB
dist/assets/zen-kaku-gothic-new-96-400-normal-BCnSGgV-.woff2              9.20 kB
dist/assets/zen-kaku-gothic-new-93-900-normal-CfTS7VyG.woff2              9.22 kB
dist/assets/zen-kaku-gothic-new-104-400-normal-sof6i0ab.woff2             9.24 kB
dist/assets/zen-kaku-gothic-new-104-500-normal-C_zBQL6f.woff2             9.25 kB
dist/assets/zen-kaku-gothic-new-89-400-normal-DizxL9Ij.woff2              9.25 kB
dist/assets/zen-kaku-gothic-new-103-900-normal-B6f3MT3n.woff2             9.25 kB
dist/assets/zen-kaku-gothic-new-105-400-normal-LM7XSPfn.woff2             9.25 kB
dist/assets/zen-kaku-gothic-new-93-400-normal-DOWrmPMJ.woff2              9.25 kB
dist/assets/zen-kaku-gothic-new-67-500-normal-Bym7AaCV.woff2              9.26 kB
dist/assets/zen-kaku-gothic-new-105-500-normal-B7iBGipw.woff2             9.26 kB
dist/assets/zen-kaku-gothic-new-89-500-normal-DrCHtAKF.woff2              9.26 kB
dist/assets/zen-kaku-gothic-new-67-400-normal-BkCH_NhP.woff2              9.27 kB
dist/assets/zen-kaku-gothic-new-84-900-normal-CwLnBPkO.woff2              9.27 kB
dist/assets/zen-kaku-gothic-new-67-900-normal-CzM7akLW.woff2              9.27 kB
dist/assets/zen-kaku-gothic-new-76-900-normal-CxDom9Eo.woff2              9.28 kB
dist/assets/zen-kaku-gothic-new-89-900-normal-DQWUEg9O.woff2              9.28 kB
dist/assets/zen-kaku-gothic-new-103-500-normal-BVVjGmdu.woff2             9.29 kB
dist/assets/zen-kaku-gothic-new-71-400-normal-BewA_KUe.woff2              9.29 kB
dist/assets/zen-kaku-gothic-new-103-700-normal-CScZkeSt.woff2             9.30 kB
dist/assets/zen-kaku-gothic-new-71-500-normal-cAJRICYx.woff2              9.30 kB
dist/assets/zen-kaku-gothic-new-93-500-normal-BV1tL5bI.woff2              9.31 kB
dist/assets/zen-kaku-gothic-new-104-700-normal-BCJKjr-u.woff2             9.32 kB
dist/assets/zen-kaku-gothic-new-104-900-normal-DIuE3lnB.woff2             9.32 kB
dist/assets/zen-kaku-gothic-new-71-700-normal-DRr8PBUY.woff2              9.33 kB
dist/assets/zen-kaku-gothic-new-89-700-normal-ffHEhy_B.woff2              9.34 kB
dist/assets/zen-kaku-gothic-new-105-900-normal-RfK4lrHh.woff2             9.34 kB
dist/assets/zen-kaku-gothic-new-76-400-normal-BIHQst5t.woff2              9.34 kB
dist/assets/zen-kaku-gothic-new-67-700-normal-DjoFnAkh.woff2              9.35 kB
dist/assets/m-plus-rounded-1c-13-800-normal-CNwOd_Sm.woff2                9.36 kB
dist/assets/m-plus-rounded-1c-5-500-normal-amYHOalO.woff2                 9.36 kB
dist/assets/zen-kaku-gothic-new-66-900-normal-DieyKXc5.woff2              9.36 kB
dist/assets/zen-kaku-gothic-new-71-900-normal-By42sbJX.woff2              9.36 kB
dist/assets/zen-kaku-gothic-new-76-500-normal-BYOEEkgt.woff2              9.36 kB
dist/assets/zen-kaku-gothic-new-75-900-normal-uYTkvFvF.woff2              9.37 kB
dist/assets/zen-kaku-gothic-new-52-500-normal-CfqwMN0c.woff2              9.38 kB
dist/assets/zen-kaku-gothic-new-93-700-normal-mJ4nWSzU.woff2              9.39 kB
dist/assets/zen-kaku-gothic-new-66-700-normal-Cl6LjDi1.woff2              9.40 kB
dist/assets/zen-kaku-gothic-new-52-700-normal-CxTKCsnK.woff2              9.41 kB
dist/assets/zen-kaku-gothic-new-76-700-normal-CNn0OZyY.woff2              9.41 kB
dist/assets/zen-kaku-gothic-new-75-400-normal-BtT4Wtub.woff2              9.41 kB
dist/assets/zen-kaku-gothic-new-66-500-normal-CLxVpw6r.woff2              9.42 kB
dist/assets/zen-kaku-gothic-new-105-700-normal-CJ_n_EtV.woff2             9.46 kB
dist/assets/zen-kaku-gothic-new-75-500-normal-BEpDCEuu.woff2              9.46 kB
dist/assets/zen-kaku-gothic-new-80-500-normal-THUTtjoD.woff2              9.46 kB
dist/assets/zen-kaku-gothic-new-52-400-normal-kEMFuHlG.woff2              9.46 kB
dist/assets/zen-kaku-gothic-new-80-400-normal-DfQFnhiA.woff2              9.47 kB
dist/assets/zen-kaku-gothic-new-66-400-normal-D16ZubqO.woff2              9.48 kB
dist/assets/zen-kaku-gothic-new-3-900-normal-iw_VCkOa.woff                9.48 kB
dist/assets/zen-kaku-gothic-new-75-700-normal-CXWFeujd.woff2              9.49 kB
dist/assets/zen-kaku-gothic-new-80-700-normal-Z0Q_dVia.woff2              9.49 kB
dist/assets/zen-kaku-gothic-new-3-700-normal-DvEjIslZ.woff                9.50 kB
dist/assets/zen-kaku-gothic-new-114-900-normal-BevrGRTx.woff              9.52 kB
dist/assets/zen-kaku-gothic-new-113-700-normal-DpzR0Pbr.woff              9.54 kB
dist/assets/zen-kaku-gothic-new-113-900-normal-D_uWQHuO.woff              9.54 kB
dist/assets/zen-kaku-gothic-new-113-400-normal-CMEG9OA9.woff              9.56 kB
dist/assets/zen-kaku-gothic-new-latin-900-normal-Br6kKb4x.woff2           9.56 kB
dist/assets/zen-kaku-gothic-new-113-500-normal-PLIvQkyP.woff              9.58 kB
dist/assets/zen-kaku-gothic-new-114-700-normal-utLMxWEc.woff              9.58 kB
dist/assets/m-plus-rounded-1c-5-700-normal-Dvvg3isQ.woff2                 9.58 kB
dist/assets/zen-kaku-gothic-new-80-900-normal-DcCrPkNf.woff2              9.58 kB
dist/assets/zen-kaku-gothic-new-latin-500-normal-Dfjj7AIU.woff2           9.58 kB
dist/assets/zen-kaku-gothic-new-114-500-normal-Dp6d4-a0.woff              9.59 kB
dist/assets/m-plus-rounded-1c-5-800-normal-Dqf1OGXP.woff2                 9.60 kB
dist/assets/zen-kaku-gothic-new-3-400-normal-jngPFXZW.woff                9.61 kB
dist/assets/zen-kaku-gothic-new-3-500-normal-43ZCjH0J.woff                9.62 kB
dist/assets/klee-one-cyrillic-600-normal-BhUxjQpc.woff                    9.62 kB
dist/assets/zen-kaku-gothic-new-114-400-normal-DoL567S4.woff              9.62 kB
dist/assets/zen-kaku-gothic-new-91-500-normal-BcoqS9Ra.woff2              9.66 kB
dist/assets/zen-kaku-gothic-new-91-900-normal-C471jo8x.woff2              9.66 kB
dist/assets/zen-kaku-gothic-new-98-400-normal-ykwkyYsH.woff2              9.67 kB
dist/assets/zen-kaku-gothic-new-91-400-normal-CAfGFR0h.woff2              9.68 kB
dist/assets/zen-kaku-gothic-new-latin-700-normal-Dgv0FPyh.woff2           9.68 kB
dist/assets/zen-kaku-gothic-new-91-700-normal-BV8DyogY.woff2              9.69 kB
dist/assets/zen-kaku-gothic-new-87-400-normal-BsJH61hk.woff2              9.70 kB
dist/assets/zen-kaku-gothic-new-98-500-normal-BJX_Pd-C.woff2              9.71 kB
dist/assets/zen-kaku-gothic-new-82-400-normal-s6LCERo6.woff2              9.72 kB
dist/assets/zen-kaku-gothic-new-latin-400-normal-BEdayliK.woff2           9.75 kB
dist/assets/zen-kaku-gothic-new-82-500-normal-BK9YtqHX.woff2              9.75 kB
dist/assets/zen-kaku-gothic-new-94-400-normal-DTKkrhl7.woff2              9.77 kB
dist/assets/zen-kaku-gothic-new-87-500-normal-B579noex.woff2              9.78 kB
dist/assets/zen-kaku-gothic-new-83-400-normal-snWxysNP.woff2              9.78 kB
dist/assets/zen-kaku-gothic-new-90-400-normal-DSlqi6Sg.woff2              9.78 kB
dist/assets/zen-kaku-gothic-new-94-500-normal-BashDHkI.woff2              9.78 kB
dist/assets/zen-kaku-gothic-new-87-900-normal-DUVWArMI.woff2              9.80 kB
dist/assets/zen-kaku-gothic-new-94-900-normal-D_pZwrnS.woff2              9.80 kB
dist/assets/zen-kaku-gothic-new-98-700-normal-ADthctR2.woff2              9.80 kB
dist/assets/zen-kaku-gothic-new-99-500-normal-Bdkl8RTu.woff2              9.81 kB
dist/assets/zen-kaku-gothic-new-99-900-normal-BSKtezVZ.woff2              9.82 kB
dist/assets/zen-kaku-gothic-new-83-700-normal--COkfBBl.woff2              9.82 kB
dist/assets/zen-kaku-gothic-new-99-700-normal-CemI-PCf.woff2              9.82 kB
dist/assets/zen-kaku-gothic-new-90-900-normal-DjQ1A6AQ.woff2              9.82 kB
dist/assets/zen-kaku-gothic-new-98-900-normal-DhwlzxZe.woff2              9.82 kB
dist/assets/zen-kaku-gothic-new-90-500-normal-BOs9mzoF.woff2              9.84 kB
dist/assets/zen-kaku-gothic-new-62-400-normal-LDr70c4T.woff2              9.84 kB
dist/assets/zen-kaku-gothic-new-94-700-normal-B6i5wQ7D.woff2              9.84 kB
dist/assets/zen-kaku-gothic-new-83-900-normal-DchKq5Ov.woff2              9.84 kB
dist/assets/zen-kaku-gothic-new-90-700-normal-DOqLq_M8.woff2              9.85 kB
dist/assets/zen-kaku-gothic-new-110-900-normal-97SoWNdm.woff              9.85 kB
dist/assets/zen-kaku-gothic-new-87-700-normal-B0qDtSnC.woff2              9.86 kB
dist/assets/zen-kaku-gothic-new-70-400-normal-C8ac3EQT.woff2              9.86 kB
dist/assets/zen-kaku-gothic-new-99-400-normal-CteZ6d88.woff2              9.86 kB
dist/assets/zen-kaku-gothic-new-108-500-normal-b1fKIKgx.woff2             9.87 kB
dist/assets/zen-kaku-gothic-new-70-500-normal-DKPm5_JE.woff2              9.87 kB
dist/assets/zen-kaku-gothic-new-83-500-normal-BIvQ23_n.woff2              9.87 kB
dist/assets/m-plus-rounded-1c-20-500-normal-BcRlDQv3.woff                 9.88 kB
dist/assets/zen-kaku-gothic-new-62-900-normal-CVwBR4B0.woff2              9.88 kB
dist/assets/zen-kaku-gothic-new-82-900-normal-Hufn2xdF.woff2              9.88 kB
dist/assets/zen-kaku-gothic-new-62-700-normal-BBbrJ-Aw.woff2              9.88 kB
dist/assets/zen-kaku-gothic-new-115-900-normal-SIO-0xYV.woff              9.88 kB
dist/assets/zen-kaku-gothic-new-73-500-normal-B-4NIKt2.woff2              9.88 kB
dist/assets/zen-kaku-gothic-new-70-700-normal-DYKCYxMi.woff2              9.89 kB
dist/assets/zen-kaku-gothic-new-73-900-normal-zZU7bvpb.woff2              9.90 kB
dist/assets/zen-kaku-gothic-new-62-500-normal-BVza2iI9.woff2              9.90 kB
dist/assets/zen-kaku-gothic-new-79-900-normal-EDuUmn0y.woff2              9.90 kB
dist/assets/zen-kaku-gothic-new-82-700-normal-CahBwJVw.woff2              9.90 kB
dist/assets/zen-kaku-gothic-new-69-900-normal-5GBmhfb6.woff2              9.91 kB
dist/assets/zen-kaku-gothic-new-108-400-normal-BL3aAlQI.woff2             9.93 kB
dist/assets/zen-kaku-gothic-new-108-700-normal-zwm4OYf8.woff2             9.94 kB
dist/assets/zen-kaku-gothic-new-73-400-normal-BwnNvRRv.woff2              9.94 kB
dist/assets/zen-kaku-gothic-new-73-700-normal-BKQUb5oU.woff2              9.95 kB
dist/assets/zen-kaku-gothic-new-108-900-normal-DzAeFRFU.woff2             9.96 kB
dist/assets/zen-kaku-gothic-new-79-700-normal-CFBYPMzx.woff2              9.96 kB
dist/assets/zen-kaku-gothic-new-79-500-normal-CQy8HSvF.woff2              9.97 kB
dist/assets/klee-one-1-600-normal-DueGFrb8.woff                           9.97 kB
dist/assets/zen-kaku-gothic-new-100-400-normal-B60RO_BS.woff2             9.98 kB
dist/assets/zen-kaku-gothic-new-70-900-normal-BdPNAGAU.woff2              9.98 kB
dist/assets/zen-kaku-gothic-new-79-400-normal-CRqmkd61.woff2              9.99 kB
dist/assets/m-plus-rounded-1c-greek-800-normal-C9kZ5mF6.woff             10.00 kB
dist/assets/zen-kaku-gothic-new-110-700-normal-BlvUrmav.woff             10.00 kB
dist/assets/m-plus-rounded-1c-greek-500-normal-CgAbzIXa.woff             10.00 kB
dist/assets/zen-kaku-gothic-new-115-700-normal-DmMkmt8m.woff             10.01 kB
dist/assets/zen-kaku-gothic-new-69-400-normal-DUv3dgVE.woff2             10.01 kB
dist/assets/zen-kaku-gothic-new-69-500-normal-DhmIHuTQ.woff2             10.02 kB
dist/assets/zen-kaku-gothic-new-115-400-normal-qkGc8KeV.woff             10.02 kB
dist/assets/zen-kaku-gothic-new-77-900-normal-Ce4bkGSZ.woff2             10.02 kB
dist/assets/zen-kaku-gothic-new-69-700-normal-CdjBJZC8.woff2             10.03 kB
dist/assets/zen-kaku-gothic-new-100-500-normal-CsM0y_UO.woff2            10.04 kB
dist/assets/zen-kaku-gothic-new-110-400-normal-Ca0vU9Ei.woff             10.04 kB
dist/assets/zen-kaku-gothic-new-77-500-normal-BM1-rRcv.woff2             10.04 kB
dist/assets/zen-kaku-gothic-new-106-400-normal-B0H-u_ik.woff2            10.05 kB
dist/assets/m-plus-rounded-1c-greek-700-normal-ZRZHu_Pb.woff             10.06 kB
dist/assets/zen-kaku-gothic-new-106-500-normal-QYtLewrG.woff2            10.06 kB
dist/assets/zen-kaku-gothic-new-77-400-normal-DNTnuPCS.woff2             10.06 kB
dist/assets/zen-kaku-gothic-new-106-900-normal-BQx2XRC8.woff2            10.07 kB
dist/assets/zen-kaku-gothic-new-115-500-normal-tDQG94Aw.woff             10.07 kB
dist/assets/zen-kaku-gothic-new-110-500-normal-C1x9BJBk.woff             10.07 kB
dist/assets/zen-kaku-gothic-new-100-900-normal-Nb8EXQI6.woff2            10.08 kB
dist/assets/klee-one-4-600-normal-BdcCSkxt.woff                          10.09 kB
dist/assets/zen-kaku-gothic-new-106-700-normal-D_EhBrOL.woff2            10.10 kB
dist/assets/zen-kaku-gothic-new-116-900-normal-CuIC4XLk.woff             10.10 kB
dist/assets/zen-kaku-gothic-new-77-700-normal-Cyi3v6iD.woff2             10.10 kB
dist/assets/zen-kaku-gothic-new-101-900-normal-_5l1bAzn.woff             10.11 kB
dist/assets/zen-kaku-gothic-new-100-700-normal-DIaf6VZs.woff2            10.12 kB
dist/assets/zen-kaku-gothic-new-116-700-normal-kk67bR34.woff             10.12 kB
dist/assets/zen-kaku-gothic-new-116-400-normal-BFgXuP6m.woff             10.15 kB
dist/assets/zen-kaku-gothic-new-101-700-normal-1AVSV-lC.woff             10.16 kB
dist/assets/zen-kaku-gothic-new-112-900-normal-D98l0sxB.woff             10.16 kB
dist/assets/zen-kaku-gothic-new-116-500-normal-CvQEMyXA.woff             10.17 kB
dist/assets/m-plus-rounded-1c-117-500-normal-CvuRV4LO.woff               10.17 kB
dist/assets/zen-kaku-gothic-new-101-500-normal-D1YVK9sk.woff             10.19 kB
dist/assets/m-plus-rounded-1c-13-500-normal-C76dNd2b.woff                10.21 kB
dist/assets/zen-kaku-gothic-new-109-400-normal-p_ylFCAV.woff             10.21 kB
dist/assets/zen-kaku-gothic-new-109-500-normal-Dv5KWfjC.woff             10.23 kB
dist/assets/zen-kaku-gothic-new-109-900-normal-xcD-BqkS.woff             10.24 kB
dist/assets/zen-kaku-gothic-new-101-400-normal-Dw9udRMN.woff             10.24 kB
dist/assets/klee-one-latin-ext-600-normal-Bra4t2yO.woff2                 10.24 kB
dist/assets/m-plus-rounded-1c-20-700-normal-DZRXK8zl.woff                10.26 kB
dist/assets/zen-kaku-gothic-new-109-700-normal-_7moSf_B.woff             10.29 kB
dist/assets/zen-kaku-gothic-new-112-400-normal-Dil8UkM4.woff             10.29 kB
dist/assets/zen-kaku-gothic-new-112-500-normal-D55g0QWq.woff             10.30 kB
dist/assets/zen-kaku-gothic-new-112-700-normal-DIq6UDcI.woff             10.32 kB
dist/assets/m-plus-rounded-1c-20-800-normal-0wk2j2bM.woff                10.38 kB
dist/assets/zen-kaku-gothic-new-78-700-normal-DeTfjsqW.woff2             10.39 kB
dist/assets/zen-kaku-gothic-new-78-900-normal-ZncqUtmt.woff2             10.39 kB
dist/assets/zen-kaku-gothic-new-78-400-normal-B-N5Rdqt.woff2             10.40 kB
dist/assets/m-plus-rounded-1c-117-700-normal-BnC3zo02.woff               10.42 kB
dist/assets/m-plus-rounded-1c-58-500-normal-BSdMIxp9.woff                10.42 kB
dist/assets/klee-one-2-600-normal-BWP8-lr4.woff                          10.43 kB
dist/assets/zen-kaku-gothic-new-78-500-normal-D7kp2uCr.woff2             10.43 kB
dist/assets/m-plus-rounded-1c-13-700-normal-Dw62hH-N.woff                10.47 kB
dist/assets/m-plus-rounded-1c-58-700-normal-CBl1fkdr.woff                10.49 kB
dist/assets/zen-kaku-gothic-new-68-400-normal-DtTYHhQU.woff2             10.50 kB
dist/assets/zen-kaku-gothic-new-86-900-normal-PPbYBRen.woff              10.52 kB
dist/assets/zen-kaku-gothic-new-68-500-normal-BFduLpua.woff2             10.53 kB
dist/assets/zen-kaku-gothic-new-68-700-normal-DKR1Gpld.woff2             10.53 kB
dist/assets/zen-kaku-gothic-new-68-900-normal-If_L8Q4N.woff2             10.53 kB
dist/assets/m-plus-rounded-1c-117-800-normal-eSofM0_x.woff               10.56 kB
dist/assets/zen-kaku-gothic-new-85-900-normal-Gn2yh18v.woff              10.59 kB
dist/assets/zen-kaku-gothic-new-86-700-normal-dQxNk0GU.woff              10.60 kB
dist/assets/zen-kaku-gothic-new-65-400-normal-CcejcAoE.woff2             10.62 kB
dist/assets/zen-kaku-gothic-new-85-700-normal-BBVnetOt.woff              10.62 kB
dist/assets/zen-kaku-gothic-new-65-700-normal-CrI8GBIt.woff2             10.63 kB
dist/assets/zen-kaku-gothic-new-65-500-normal-BTDiX0zz.woff2             10.64 kB
dist/assets/zen-kaku-gothic-new-86-500-normal-CJibAU5C.woff              10.64 kB
dist/assets/zen-kaku-gothic-new-61-900-normal-BmAa2KhX.woff2             10.65 kB
dist/assets/zen-kaku-gothic-new-65-900-normal-DUBIAqkn.woff2             10.65 kB
dist/assets/m-plus-rounded-1c-13-800-normal-Cq-xXo-O.woff                10.66 kB
dist/assets/m-plus-rounded-1c-58-800-normal-D3lTM8WX.woff                10.66 kB
dist/assets/zen-kaku-gothic-new-61-700-normal-CavYSaup.woff2             10.67 kB
dist/assets/zen-kaku-gothic-new-61-500-normal-Bc1K9Id8.woff2             10.68 kB
dist/assets/m-plus-rounded-1c-5-500-normal-Hr27Ez1d.woff                 10.68 kB
dist/assets/zen-kaku-gothic-new-107-900-normal-BrwYd8-p.woff             10.70 kB
dist/assets/zen-kaku-gothic-new-85-400-normal-BoS1BRaU.woff              10.70 kB
dist/assets/m-plus-rounded-1c-114-500-normal-D25nU8zg.woff2              10.70 kB
dist/assets/zen-kaku-gothic-new-85-500-normal-DhZC5IYL.woff              10.70 kB
dist/assets/zen-kaku-gothic-new-97-900-normal-BO1BMyn5.woff              10.71 kB
dist/assets/m-plus-rounded-1c-113-500-normal-DK8s4ShS.woff2              10.72 kB
dist/assets/zen-kaku-gothic-new-97-700-normal-CJS9-G0E.woff              10.72 kB
dist/assets/zen-kaku-gothic-new-61-400-normal-C05eimvg.woff2             10.72 kB
dist/assets/zen-kaku-gothic-new-86-400-normal-Bba95v-x.woff              10.73 kB
dist/assets/zen-kaku-gothic-new-60-700-normal-BCEOA5eT.woff2             10.75 kB
dist/assets/zen-kaku-gothic-new-97-500-normal-Bisz-wrA.woff              10.75 kB
dist/assets/zen-kaku-gothic-new-60-900-normal-CAJC_6i0.woff2             10.77 kB
dist/assets/zen-kaku-gothic-new-95-900-normal-BFXZb4ZX.woff              10.78 kB
dist/assets/zen-kaku-gothic-new-107-400-normal-BKjNDr6p.woff             10.78 kB
dist/assets/zen-kaku-gothic-new-107-700-normal-GnKaL-H4.woff             10.78 kB
dist/assets/zen-kaku-gothic-new-60-500-normal-n9Hwqe_m.woff2             10.78 kB
dist/assets/zen-kaku-gothic-new-63-900-normal-CE4PGHmj.woff              10.78 kB
dist/assets/zen-kaku-gothic-new-107-500-normal-DPOSDUlk.woff             10.78 kB
dist/assets/zen-kaku-gothic-new-60-400-normal-C2KP5SLj.woff2             10.80 kB
dist/assets/zen-kaku-gothic-new-97-400-normal-aRsqLy1z.woff              10.82 kB
dist/assets/zen-kaku-gothic-new-95-700-normal-D7SXGRyY.woff              10.85 kB
dist/assets/zen-kaku-gothic-new-72-900-normal-Bkl_00FL.woff2             10.87 kB
dist/assets/zen-kaku-gothic-new-63-700-normal-C3uYPOQ-.woff              10.88 kB
dist/assets/zen-kaku-gothic-new-102-900-normal-Bgmb9-xG.woff             10.91 kB
dist/assets/zen-kaku-gothic-new-88-900-normal-DpV2wcFi.woff              10.91 kB
dist/assets/zen-kaku-gothic-new-92-900-normal-Cqz6Er8a.woff              10.91 kB
dist/assets/zen-kaku-gothic-new-63-500-normal-ULVxvkgm.woff              10.92 kB
dist/assets/m-plus-rounded-1c-cyrillic-ext-700-normal-8IRCaub3.woff2     10.93 kB
dist/assets/zen-kaku-gothic-new-111-900-normal-CLuIi0Js.woff             10.93 kB
dist/assets/zen-kaku-gothic-new-81-900-normal-C-N9ztwG.woff              10.94 kB
dist/assets/m-plus-rounded-1c-5-700-normal-BB66ICJN.woff                 10.94 kB
dist/assets/zen-kaku-gothic-new-72-700-normal-CIxKONB4.woff2             10.94 kB
dist/assets/zen-kaku-gothic-new-95-400-normal-DNsC8h3x.woff              10.94 kB
dist/assets/zen-kaku-gothic-new-92-700-normal-BXCqh-mb.woff              10.96 kB
dist/assets/zen-kaku-gothic-new-88-700-normal-DwF7U05X.woff              10.96 kB
dist/assets/zen-kaku-gothic-new-63-400-normal-DvhdU70j.woff              10.97 kB
dist/assets/zen-kaku-gothic-new-102-700-normal-3EIO7UQf.woff             10.98 kB
dist/assets/zen-kaku-gothic-new-95-500-normal-CBd-_h-b.woff              10.98 kB
dist/assets/zen-kaku-gothic-new-102-400-normal-6A8vAg4P.woff             10.99 kB
dist/assets/m-plus-rounded-1c-cyrillic-ext-500-normal-Cbybz0UG.woff2     10.99 kB
dist/assets/zen-kaku-gothic-new-102-500-normal-Dxg-MZ97.woff             11.00 kB
dist/assets/zen-kaku-gothic-new-72-500-normal-CPpw8Rk2.woff2             11.02 kB
dist/assets/zen-kaku-gothic-new-81-700-normal-C_kAfPxu.woff              11.02 kB
dist/assets/zen-kaku-gothic-new-92-500-normal-BQdrgVYZ.woff              11.03 kB
dist/assets/m-plus-rounded-1c-cyrillic-ext-800-normal-D4pawfzp.woff2     11.03 kB
dist/assets/zen-kaku-gothic-new-88-400-normal-CEdRJX1M.woff              11.05 kB
dist/assets/m-plus-rounded-1c-5-800-normal-OehP7biu.woff                 11.05 kB
dist/assets/zen-kaku-gothic-new-111-700-normal-CpCYyI_h.woff             11.05 kB
dist/assets/zen-kaku-gothic-new-92-400-normal-j73QUt_W.woff              11.06 kB
dist/assets/zen-kaku-gothic-new-96-900-normal-B1rj3CkZ.woff              11.06 kB
dist/assets/m-plus-rounded-1c-114-700-normal-Wkaq68HX.woff2              11.06 kB
dist/assets/zen-kaku-gothic-new-88-500-normal-CrpC1jM6.woff              11.08 kB
dist/assets/zen-kaku-gothic-new-74-700-normal-B1qYPE2B.woff              11.10 kB
dist/assets/zen-kaku-gothic-new-81-500-normal-BS6Q46z2.woff              11.10 kB
dist/assets/zen-kaku-gothic-new-74-500-normal-CzvvRdnj.woff              11.11 kB
dist/assets/zen-kaku-gothic-new-96-700-normal-DnUf3NYt.woff              11.11 kB
dist/assets/zen-kaku-gothic-new-74-900-normal-D6szKByg.woff              11.12 kB
dist/assets/zen-kaku-gothic-new-93-900-normal-CSxX1WEY.woff              11.12 kB
dist/assets/m-plus-rounded-1c-114-800-normal-qocVA-XW.woff2              11.12 kB
dist/assets/zen-kaku-gothic-new-72-400-normal-Dh8eaTqd.woff2             11.12 kB
dist/assets/zen-kaku-gothic-new-81-400-normal-Bh-Ghf1G.woff              11.14 kB
dist/assets/zen-kaku-gothic-new-67-900-normal-85dZK5Gk.woff              11.14 kB
dist/assets/zen-kaku-gothic-new-111-400-normal-Colzp5A9.woff             11.16 kB
dist/assets/zen-kaku-gothic-new-74-400-normal-DJHTIm-a.woff              11.16 kB
dist/assets/zen-kaku-gothic-new-103-900-normal-BQK5nX6C.woff             11.16 kB
dist/assets/zen-kaku-gothic-new-89-900-normal-Dg-h8TQ4.woff              11.16 kB
dist/assets/zen-kaku-gothic-new-104-900-normal-CmiyVOkQ.woff             11.16 kB
dist/assets/zen-kaku-gothic-new-66-900-normal-DsGCjxR7.woff              11.17 kB
dist/assets/zen-kaku-gothic-new-84-900-normal-BOnWMXJe.woff              11.17 kB
dist/assets/zen-kaku-gothic-new-84-700-normal-SV_ePNac.woff              11.18 kB
dist/assets/m-plus-rounded-1c-113-700-normal-C6EbnNSK.woff2              11.18 kB
dist/assets/zen-kaku-gothic-new-103-700-normal-BITd4BVZ.woff             11.18 kB
dist/assets/zen-kaku-gothic-new-96-500-normal-Djsuuc0i.woff              11.19 kB
dist/assets/zen-kaku-gothic-new-111-500-normal-snVuW0-6.woff             11.19 kB
dist/assets/zen-kaku-gothic-new-76-900-normal-DfIP-lW8.woff              11.19 kB
dist/assets/zen-kaku-gothic-new-71-900-normal-B2CVUoFG.woff              11.20 kB
dist/assets/zen-kaku-gothic-new-84-500-normal-BCOKBgSE.woff              11.21 kB
dist/assets/zen-kaku-gothic-new-89-700-normal-BJmGfldu.woff              11.21 kB
dist/assets/zen-kaku-gothic-new-104-700-normal-Cbr0TP5m.woff             11.22 kB
dist/assets/m-plus-rounded-1c-113-800-normal-COQynWJF.woff2              11.22 kB
dist/assets/zen-kaku-gothic-new-103-400-normal-CXoI8h-1.woff             11.22 kB
dist/assets/zen-kaku-gothic-new-103-500-normal-D9X9hh91.woff             11.24 kB
dist/assets/zen-kaku-gothic-new-75-900-normal-8FADki1M.woff              11.24 kB
dist/assets/zen-kaku-gothic-new-89-500-normal-DWWZP5XW.woff              11.24 kB
dist/assets/zen-kaku-gothic-new-67-700-normal-BRLPIUxj.woff              11.25 kB
dist/assets/zen-kaku-gothic-new-104-400-normal-CinFBCoE.woff             11.26 kB
dist/assets/klee-one-51-600-normal-hcBEApFh.woff2                        11.26 kB
dist/assets/zen-kaku-gothic-new-104-500-normal-DUgg8BdV.woff             11.26 kB
dist/assets/zen-kaku-gothic-new-66-700-normal-JwNIa4YI.woff              11.26 kB
dist/assets/zen-kaku-gothic-new-84-400-normal-B-ERD1sd.woff              11.26 kB
dist/assets/zen-kaku-gothic-new-71-700-normal-DXjt5OsU.woff              11.27 kB
dist/assets/zen-kaku-gothic-new-67-500-normal-woOnhsj5.woff              11.28 kB
dist/assets/zen-kaku-gothic-new-71-400-normal-BjG8suxv.woff              11.28 kB
dist/assets/zen-kaku-gothic-new-89-400-normal-BGFenNxX.woff              11.28 kB
dist/assets/zen-kaku-gothic-new-67-400-normal-B8Hms6Dg.woff              11.29 kB
dist/assets/zen-kaku-gothic-new-96-400-normal-Dc9CrrVg.woff              11.29 kB
dist/assets/zen-kaku-gothic-new-105-900-normal-DA-o1Juk.woff             11.30 kB
dist/assets/zen-kaku-gothic-new-71-500-normal-BSpM0qu0.woff              11.30 kB
dist/assets/m-plus-rounded-1c-115-500-normal-Udm9V8n9.woff2              11.32 kB
dist/assets/zen-kaku-gothic-new-93-700-normal-D4WSV5k9.woff              11.32 kB
dist/assets/m-plus-rounded-1c-116-500-normal-B79yVAyT.woff2              11.33 kB
dist/assets/zen-kaku-gothic-new-64-900-normal-bkqFh6y2.woff2             11.33 kB
dist/assets/m-plus-rounded-1c-6-500-normal-DOzz4zJX.woff2                11.34 kB
dist/assets/zen-kaku-gothic-new-52-900-normal-gVdnziuJ.woff              11.34 kB
dist/assets/zen-kaku-gothic-new-76-700-normal-Hxbe8gRF.woff              11.34 kB
dist/assets/zen-kaku-gothic-new-93-400-normal-BRYB4iSq.woff              11.34 kB
dist/assets/zen-kaku-gothic-new-105-400-normal-XpGxhnsT.woff             11.34 kB
dist/assets/zen-kaku-gothic-new-105-500-normal-BAQW4SxD.woff             11.34 kB
dist/assets/m-plus-rounded-1c-59-500-normal-BA6XoD1l.woff2               11.36 kB
dist/assets/zen-kaku-gothic-new-66-500-normal-cszwUQIT.woff              11.37 kB
dist/assets/zen-kaku-gothic-new-75-700-normal-CYcwRRHV.woff              11.37 kB
dist/assets/zen-kaku-gothic-new-64-400-normal-CMWn7_RQ.woff2             11.38 kB
dist/assets/zen-kaku-gothic-new-93-500-normal-cqa2WocW.woff              11.38 kB
dist/assets/zen-kaku-gothic-new-76-500-normal-D7zoGQkq.woff              11.38 kB
dist/assets/zen-kaku-gothic-new-105-700-normal-B5JfJQbP.woff             11.39 kB
dist/assets/zen-kaku-gothic-new-64-500-normal-CNE2B-fm.woff2             11.39 kB
dist/assets/zen-kaku-gothic-new-75-500-normal-DY_WQn7n.woff              11.42 kB
dist/assets/zen-kaku-gothic-new-80-700-normal-BiDlqt9K.woff              11.44 kB
dist/assets/zen-kaku-gothic-new-76-400-normal-C4rbCpHq.woff              11.44 kB
dist/assets/zen-kaku-gothic-new-75-400-normal-BCf9S5ST.woff              11.45 kB
dist/assets/zen-kaku-gothic-new-80-900-normal-Bnk1j4ZI.woff              11.45 kB
dist/assets/zen-kaku-gothic-new-64-700-normal-CHkNaC5O.woff2             11.46 kB
dist/assets/zen-kaku-gothic-new-52-700-normal-BLRh-tp2.woff              11.47 kB
dist/assets/zen-kaku-gothic-new-52-500-normal-DUjjiyQp.woff              11.47 kB
dist/assets/zen-kaku-gothic-new-80-500-normal-GbtKa7Ie.woff              11.48 kB
dist/assets/m-plus-rounded-1c-6-700-normal-Dl256w6z.woff2                11.50 kB
dist/assets/zen-kaku-gothic-new-66-400-normal-tXiBYAJw.woff              11.51 kB
dist/assets/m-plus-rounded-1c-6-800-normal-2ZCH6ukW.woff2                11.51 kB
dist/assets/m-plus-rounded-1c-56-500-normal-CUmwKw5C.woff2               11.53 kB
dist/assets/zen-kaku-gothic-new-52-400-normal-COkVXqa0.woff              11.54 kB
dist/assets/zen-kaku-gothic-new-91-900-normal-c9rJwirQ.woff              11.54 kB
dist/assets/zen-kaku-gothic-new-80-400-normal-CcuzBwdm.woff              11.55 kB
dist/assets/m-plus-rounded-1c-110-500-normal-DBJwMYPL.woff2              11.56 kB
dist/assets/m-plus-rounded-1c-29-500-normal-BIROVhti.woff2               11.64 kB
dist/assets/klee-one-latin-ext-600-normal-0pe9OwSQ.woff                  11.64 kB
dist/assets/m-plus-rounded-1c-115-700-normal-IC9ueW9q.woff2              11.67 kB
dist/assets/m-plus-rounded-1c-109-500-normal-BuRhdcyJ.woff2              11.67 kB
dist/assets/m-plus-rounded-1c-59-700-normal-Dc0PJ9yu.woff2               11.68 kB
dist/assets/zen-kaku-gothic-new-94-900-normal-DJq1Vbz6.woff              11.68 kB
dist/assets/zen-kaku-gothic-new-91-400-normal-BLBo-eQz.woff              11.69 kB
dist/assets/zen-kaku-gothic-new-91-700-normal-3S23a9E5.woff              11.69 kB
dist/assets/zen-kaku-gothic-new-90-900-normal-_iNufCN-.woff              11.70 kB
dist/assets/m-plus-rounded-1c-116-700-normal-BJ7JcaZN.woff2              11.71 kB
dist/assets/zen-kaku-gothic-new-87-900-normal-CbCyUkzt.woff              11.73 kB
dist/assets/zen-kaku-gothic-new-91-500-normal-BjNZGlpE.woff              11.75 kB
dist/assets/zen-kaku-gothic-new-98-400-normal-De31oYNz.woff              11.76 kB
dist/assets/ibm-plex-mono-latin-ext-400-normal-D3D2R8hC.woff             11.76 kB
dist/assets/ibm-plex-mono-latin-ext-500-normal-CZ70TYgx.woff             11.76 kB
dist/assets/m-plus-rounded-1c-115-800-normal-BKJr3J5y.woff2              11.76 kB
dist/assets/m-plus-rounded-1c-59-800-normal-C5UEKTWT.woff2               11.77 kB
dist/assets/zen-kaku-gothic-new-87-500-normal-DNTYr9NK.woff              11.77 kB
dist/assets/zen-kaku-gothic-new-94-400-normal-2HWAbCDd.woff              11.77 kB
dist/assets/m-plus-rounded-1c-56-700-normal-dEcP6hNB.woff2               11.78 kB
dist/assets/zen-kaku-gothic-new-94-700-normal-wo8_n2Tm.woff              11.78 kB
dist/assets/zen-kaku-gothic-new-94-500-normal-DRj7IpJ3.woff              11.79 kB
dist/assets/zen-kaku-gothic-new-99-900-normal-fQByBSOC.woff              11.79 kB
dist/assets/zen-kaku-gothic-new-73-900-normal-CI3As7M7.woff              11.80 kB
dist/assets/zen-kaku-gothic-new-87-400-normal-B3cle4Lh.woff              11.80 kB
dist/assets/zen-kaku-gothic-new-90-700-normal-DxVajsDG.woff              11.80 kB
dist/assets/zen-kaku-gothic-new-98-900-normal-D7iRrFya.woff              11.81 kB
dist/assets/zen-kaku-gothic-new-62-900-normal-BbGxGiv-.woff              11.81 kB
dist/assets/zen-kaku-gothic-new-90-400-normal-DSEYkqY5.woff              11.81 kB
dist/assets/zen-kaku-gothic-new-87-700-normal-C-Z5TLVF.woff              11.82 kB
dist/assets/zen-kaku-gothic-new-73-700-normal-DzjuOI-n.woff              11.82 kB
dist/assets/zen-kaku-gothic-new-98-700-normal-DiL6xOZQ.woff              11.82 kB
dist/assets/zen-kaku-gothic-new-70-700-normal-Bzm_yOIy.woff              11.82 kB
dist/assets/m-plus-rounded-1c-56-800-normal-DYyrTxFO.woff2               11.84 kB
dist/assets/zen-kaku-gothic-new-98-500-normal-CtqHmyb8.woff              11.85 kB
dist/assets/zen-kaku-gothic-new-82-900-normal-ui74daM3.woff              11.85 kB
dist/assets/m-plus-rounded-1c-101-500-normal-CsWhAF5x.woff2              11.86 kB
dist/assets/zen-kaku-gothic-new-62-700-normal-iBXSpOs4.woff              11.87 kB
dist/assets/zen-kaku-gothic-new-82-400-normal-BTEHTpNR.woff              11.87 kB
dist/assets/zen-kaku-gothic-new-83-900-normal-OGZb6G_5.woff              11.87 kB
dist/assets/zen-kaku-gothic-new-73-500-normal-BN7GSzNx.woff              11.87 kB
dist/assets/zen-kaku-gothic-new-108-900-normal-D-PO8HzQ.woff             11.88 kB
dist/assets/zen-kaku-gothic-new-70-900-normal-CcrSQtKB.woff              11.88 kB
dist/assets/zen-kaku-gothic-new-90-500-normal-CQWGwBBS.woff              11.88 kB
dist/assets/zen-kaku-gothic-new-99-700-normal-xKX8SPsX.woff              11.88 kB
dist/assets/zen-kaku-gothic-new-70-500-normal-vUhXdWdD.woff              11.89 kB
dist/assets/zen-kaku-gothic-new-70-400-normal-ZxHM3iea.woff              11.90 kB
dist/assets/zen-kaku-gothic-new-108-700-normal-CQ5gTHRg.woff             11.91 kB
dist/assets/m-plus-rounded-1c-47-500-normal-CjI-aQvO.woff2               11.91 kB
dist/assets/zen-kaku-gothic-new-83-700-normal-BsQOQfru.woff              11.91 kB
dist/assets/zen-kaku-gothic-new-83-400-normal-DaU7gAa5.woff              11.92 kB
dist/assets/zen-kaku-gothic-new-99-500-normal-ilDrQwyS.woff              11.93 kB
dist/assets/zen-kaku-gothic-new-79-900-normal-PSdySBdp.woff              11.95 kB
dist/assets/m-plus-rounded-1c-116-800-normal-CKie9-Qq.woff2              11.95 kB
dist/assets/m-plus-rounded-1c-28-500-normal-CHQ9slVI.woff2               11.96 kB
dist/assets/zen-kaku-gothic-new-62-500-normal-BOE41vQY.woff              11.96 kB
dist/assets/zen-kaku-gothic-new-62-400-normal-Bm-GW9Th.woff              11.98 kB
dist/assets/zen-kaku-gothic-new-69-900-normal-CgnmCaXQ.woff              11.98 kB
dist/assets/zen-kaku-gothic-new-99-400-normal-DAkWxZE1.woff              11.98 kB
dist/assets/zen-kaku-gothic-new-73-400-normal-BOMuSUyI.woff              11.98 kB
dist/assets/zen-kaku-gothic-new-82-500-normal-WQkbPjJS.woff              11.98 kB
dist/assets/zen-kaku-gothic-new-83-500-normal-l6xf10ZG.woff              11.98 kB
dist/assets/m-plus-rounded-1c-greek-ext-500-normal-CkzuyUoS.woff         11.99 kB
dist/assets/zen-kaku-gothic-new-79-700-normal-bxSS3TlS.woff              11.99 kB
dist/assets/zen-kaku-gothic-new-108-500-normal-vSkeEJC6.woff             12.00 kB
dist/assets/zen-kaku-gothic-new-100-900-normal-BfoWGEFa.woff             12.00 kB
dist/assets/zen-kaku-gothic-new-82-700-normal-Cva-Gfk5.woff              12.02 kB
dist/assets/zen-kaku-gothic-new-108-400-normal-DL_jgzFc.woff             12.02 kB
dist/assets/zen-kaku-gothic-new-77-900-normal-9B8vOWuY.woff              12.04 kB
dist/assets/m-plus-rounded-1c-112-500-normal-tTP6id3h.woff2              12.04 kB
dist/assets/zen-kaku-gothic-new-69-700-normal-DBlCFFnv.woff              12.04 kB
dist/assets/m-plus-rounded-1c-29-700-normal-DoJM0oKd.woff2               12.06 kB
dist/assets/zen-kaku-gothic-new-106-900-normal-Bd5_s7Lg.woff             12.06 kB
dist/assets/zen-kaku-gothic-new-100-700-normal-CjmYv4OI.woff             12.06 kB
dist/assets/m-plus-rounded-1c-110-700-normal-D86xDQhP.woff2              12.10 kB
dist/assets/zen-kaku-gothic-new-79-500-normal-BDEIGhaE.woff              12.11 kB
dist/assets/m-plus-rounded-1c-110-800-normal-B36wYE3K.woff2              12.11 kB
dist/assets/zen-kaku-gothic-new-106-700-normal-3Y_xLz1Z.woff             12.11 kB
dist/assets/zen-kaku-gothic-new-77-700-normal-CS5WAzxu.woff              12.12 kB
dist/assets/zen-kaku-gothic-new-46-500-normal-Czvc-npF.woff2             12.12 kB
dist/assets/zen-kaku-gothic-new-69-400-normal-CCtPjDSO.woff              12.13 kB
dist/assets/m-plus-rounded-1c-109-700-normal-CSrUq4Rb.woff2              12.14 kB
dist/assets/zen-kaku-gothic-new-77-500-normal-5VEtu6G_.woff              12.15 kB
dist/assets/zen-kaku-gothic-new-69-500-normal-jJkjsdZd.woff              12.15 kB
dist/assets/zen-kaku-gothic-new-100-500-normal-DLjcqT10.woff             12.16 kB
dist/assets/zen-kaku-gothic-new-100-400-normal-BWU8CEqD.woff             12.16 kB
dist/assets/zen-kaku-gothic-new-46-700-normal-BdRY_DJs.woff2             12.18 kB
dist/assets/zen-kaku-gothic-new-106-500-normal-DM5hcIpt.woff             12.19 kB
dist/assets/m-plus-rounded-1c-45-500-normal-B0GGd5Wj.woff2               12.19 kB
dist/assets/m-plus-rounded-1c-47-700-normal-Cw0qFgpE.woff2               12.20 kB
dist/assets/m-plus-rounded-1c-greek-ext-700-normal-BlJJcmx8.woff         12.20 kB
dist/assets/zen-kaku-gothic-new-46-900-normal-B54A_A1h.woff2             12.20 kB
dist/assets/zen-kaku-gothic-new-46-400-normal-BrToftJ3.woff2             12.21 kB
dist/assets/zen-kaku-gothic-new-106-400-normal-1m_QAcGQ.woff             12.22 kB
dist/assets/zen-kaku-gothic-new-77-400-normal-DwfomvOx.woff              12.22 kB
dist/assets/klee-one-117-600-normal-CJO2LeZ9.woff2                       12.23 kB
dist/assets/zen-kaku-gothic-new-79-400-normal-DRfoIOBX.woff              12.23 kB
dist/assets/m-plus-rounded-1c-101-700-normal-v95f9TC7.woff2              12.28 kB
dist/assets/m-plus-rounded-1c-111-500-normal-Cn4K2osw.woff2              12.30 kB
dist/assets/m-plus-rounded-1c-29-800-normal-BCaQwisT.woff2               12.32 kB
dist/assets/zen-kaku-gothic-new-latin-900-normal-3FroWknk.woff           12.34 kB
dist/assets/m-plus-rounded-1c-109-800-normal-B36coOm3.woff2              12.34 kB
dist/assets/m-plus-rounded-1c-112-700-normal-DNfXaNQl.woff2              12.35 kB
dist/assets/zen-kaku-gothic-new-78-900-normal-CUmT7ut9.woff              12.35 kB
dist/assets/m-plus-rounded-1c-28-700-normal-DwClCeLm.woff2               12.36 kB
dist/assets/zen-kaku-gothic-new-45-400-normal-Uga05P_9.woff2             12.37 kB
dist/assets/m-plus-rounded-1c-86-500-normal-o0dOBvp6.woff2               12.37 kB
dist/assets/m-plus-rounded-1c-101-800-normal-D7kgoXt9.woff2              12.38 kB
dist/assets/zen-kaku-gothic-new-78-700-normal-BPrqp0IH.woff              12.38 kB
dist/assets/m-plus-rounded-1c-47-800-normal-DQkkFcaI.woff2               12.38 kB
dist/assets/m-plus-rounded-1c-112-800-normal-d37WZnpY.woff2              12.40 kB
dist/assets/zen-kaku-gothic-new-45-500-normal-BZxKlWMv.woff2             12.40 kB
dist/assets/m-plus-rounded-1c-28-800-normal-DsN15cx1.woff2               12.42 kB
dist/assets/zen-kaku-gothic-new-45-700-normal-BIBJ9Yox.woff2             12.43 kB
dist/assets/zen-kaku-gothic-new-45-900-normal-CXKBPRg_.woff2             12.43 kB
dist/assets/zen-kaku-gothic-new-latin-500-normal-BIfs0Bhs.woff           12.43 kB
dist/assets/m-plus-rounded-1c-97-500-normal-DyS52AIL.woff2               12.44 kB
dist/assets/zen-kaku-gothic-new-latin-700-normal-zPVyND5l.woff           12.44 kB
dist/assets/zen-kaku-gothic-new-78-500-normal-BhPouapT.woff              12.50 kB
dist/assets/m-plus-rounded-1c-greek-ext-800-normal-CPcCXDCR.woff         12.50 kB
dist/assets/zen-kaku-gothic-new-latin-400-normal-CPSmNJAU.woff           12.54 kB
dist/assets/zen-kaku-gothic-new-68-700-normal-D30a4muq.woff              12.55 kB
dist/assets/zen-kaku-gothic-new-68-900-normal-Cx_r4Unh.woff              12.55 kB
dist/assets/m-plus-rounded-1c-107-500-normal-DPw6UrD5.woff2              12.57 kB
dist/assets/zen-kaku-gothic-new-61-900-normal-hccN3n32.woff              12.57 kB
dist/assets/zen-kaku-gothic-new-68-500-normal-C-3Pugjc.woff              12.60 kB
dist/assets/m-plus-rounded-1c-45-700-normal-BHi-5JoT.woff2               12.61 kB
dist/assets/zen-kaku-gothic-new-78-400-normal-B4Fo03bC.woff              12.61 kB
dist/assets/m-plus-rounded-1c-12-500-normal-CqvA3iZa.woff2               12.63 kB
dist/assets/m-plus-rounded-1c-19-500-normal-C5RPgyTi.woff2               12.64 kB
dist/assets/zen-kaku-gothic-new-61-700-normal-DOhXZbM4.woff              12.65 kB
dist/assets/zen-kaku-gothic-new-68-400-normal-U_G-wmjW.woff              12.68 kB
dist/assets/m-plus-rounded-1c-45-800-normal-Dpa9io04.woff2               12.70 kB
dist/assets/m-plus-rounded-1c-85-500-normal-BxQgzpXh.woff2               12.70 kB
dist/assets/zen-kaku-gothic-new-65-700-normal-CaDaWNi2.woff              12.70 kB
dist/assets/m-plus-rounded-1c-113-500-normal-Cg24YdCq.woff               12.72 kB
dist/assets/zen-kaku-gothic-new-60-900-normal-Dl5Z9s4z.woff              12.72 kB
dist/assets/m-plus-rounded-1c-114-500-normal-D-6S2Nhz.woff               12.73 kB
dist/assets/m-plus-rounded-1c-93-500-normal-DvQVH4vB.woff2               12.73 kB
dist/assets/m-plus-rounded-1c-88-500-normal-Dgq4nVSZ.woff2               12.74 kB
dist/assets/zen-kaku-gothic-new-65-900-normal-DVjAJC8v.woff              12.74 kB
dist/assets/zen-kaku-gothic-new-61-500-normal-UJp-a96y.woff              12.74 kB
dist/assets/m-plus-rounded-1c-102-500-normal-NMktoxQl.woff2              12.76 kB
dist/assets/m-plus-rounded-1c-9-500-normal-oMz-UjQE.woff2                12.79 kB
dist/assets/zen-kaku-gothic-new-60-700-normal-CBOGMv5O.woff              12.80 kB
dist/assets/m-plus-rounded-1c-86-700-normal-Cnw_PwXd.woff2               12.81 kB
dist/assets/m-plus-rounded-1c-95-500-normal-rpQeJOHI.woff2               12.85 kB
dist/assets/zen-kaku-gothic-new-65-500-normal-DAX2h1l8.woff              12.85 kB
dist/assets/m-plus-rounded-1c-33-500-normal-B15Qg76r.woff2               12.86 kB
dist/assets/zen-kaku-gothic-new-60-500-normal-wkJELOxS.woff              12.87 kB
dist/assets/zen-kaku-gothic-new-72-900-normal-C-yL7ECo.woff              12.88 kB
dist/assets/m-plus-rounded-1c-97-700-normal-z0ICzVMW.woff2               12.88 kB
dist/assets/zen-kaku-gothic-new-65-400-normal-D_RiBy_T.woff              12.88 kB
dist/assets/m-plus-rounded-1c-104-500-normal-COL5bN1-.woff2              12.88 kB
dist/assets/klee-one-51-600-normal-DU_3jkEh.woff                         12.89 kB
dist/assets/zen-kaku-gothic-new-61-400-normal-CXOy-zyo.woff              12.89 kB
dist/assets/m-plus-rounded-1c-86-800-normal-CZP_bPrf.woff2               12.91 kB
dist/assets/m-plus-rounded-1c-111-700-normal-D6Dld5lp.woff2              12.94 kB
dist/assets/m-plus-rounded-1c-89-500-normal-DxMOYou_.woff2               12.94 kB
dist/assets/m-plus-rounded-1c-118-500-normal-DaXPucxW.woff2              12.96 kB
dist/assets/m-plus-rounded-1c-48-500-normal-tAgx1jwO.woff2               12.96 kB
dist/assets/m-plus-rounded-1c-97-800-normal-aihPPcCK.woff2               12.97 kB
dist/assets/zen-kaku-gothic-new-60-400-normal-DzEU3SAM.woff              12.99 kB
dist/assets/m-plus-rounded-1c-19-700-normal-DIDc0swx.woff2               12.99 kB
dist/assets/m-plus-rounded-1c-96-500-normal-CtQEOzsQ.woff2               13.00 kB
dist/assets/zen-kaku-gothic-new-72-700-normal-BDesznsP.woff              13.00 kB
dist/assets/m-plus-rounded-1c-114-800-normal-NSG0AD4h.woff               13.01 kB
dist/assets/m-plus-rounded-1c-114-700-normal-CUwJ9v_Z.woff               13.02 kB
dist/assets/m-plus-rounded-1c-111-800-normal-DIwYIpGX.woff2              13.03 kB
dist/assets/m-plus-rounded-1c-11-500-normal-RbehaNiO.woff2               13.05 kB
dist/assets/m-plus-rounded-1c-66-500-normal-DEljrx64.woff2               13.06 kB
dist/assets/m-plus-rounded-1c-8-500-normal-CwptxjeY.woff2                13.09 kB
dist/assets/m-plus-rounded-1c-63-500-normal-DpgJwLFf.woff2               13.10 kB
dist/assets/m-plus-rounded-1c-105-500-normal-C-GxTGwc.woff2              13.10 kB
dist/assets/m-plus-rounded-1c-42-500-normal-CNCC7x6R.woff2               13.10 kB
dist/assets/m-plus-rounded-1c-71-500-normal-Dw_dmjLt.woff2               13.10 kB
dist/assets/m-plus-rounded-1c-113-800-normal-DKneWPPE.woff               13.11 kB
dist/assets/ibm-plex-mono-latin-400-normal-CvHOgSBP.woff                 13.14 kB
dist/assets/m-plus-rounded-1c-6-500-normal-bgeNCKu8.woff                 13.15 kB
dist/assets/ibm-plex-mono-latin-500-normal-CB9ihrfo.woff                 13.15 kB
dist/assets/m-plus-rounded-1c-103-500-normal-BiSp8UL1.woff2              13.15 kB
dist/assets/zen-kaku-gothic-new-72-500-normal-Clmcq5wA.woff              13.16 kB
dist/assets/m-plus-rounded-1c-107-800-normal-S7s3kw5m.woff2              13.17 kB
dist/assets/m-plus-rounded-1c-113-700-normal-B5h3HCtK.woff               13.17 kB
dist/assets/m-plus-rounded-1c-95-700-normal-D4AOtbiO.woff2               13.17 kB
dist/assets/m-plus-rounded-1c-92-500-normal-rbMLpOrV.woff2               13.18 kB
dist/assets/m-plus-rounded-1c-85-700-normal-C0TAC3UM.woff2               13.18 kB
dist/assets/m-plus-rounded-1c-118-800-normal-CPnn_b-x.woff2              13.19 kB
dist/assets/m-plus-rounded-1c-19-800-normal-DxISNQrU.woff2               13.20 kB
dist/assets/m-plus-rounded-1c-88-800-normal-AyWya0j3.woff2               13.20 kB
dist/assets/m-plus-rounded-1c-84-500-normal-BZHY8wFD.woff2               13.20 kB
dist/assets/m-plus-rounded-1c-107-700-normal-Bm-1S5_X.woff2              13.21 kB
dist/assets/m-plus-rounded-1c-81-500-normal-C09FxH_0.woff2               13.21 kB
dist/assets/m-plus-rounded-1c-74-500-normal-Ct-S_ZN7.woff2               13.24 kB
dist/assets/m-plus-rounded-1c-98-500-normal-C3qJHvIq.woff2               13.28 kB
dist/assets/m-plus-rounded-1c-118-700-normal-t8VQGkk9.woff2              13.28 kB
dist/assets/m-plus-rounded-1c-88-700-normal-lFujWGnv.woff2               13.28 kB
dist/assets/zen-kaku-gothic-new-72-400-normal-Rps5wjHa.woff              13.31 kB
dist/assets/m-plus-rounded-1c-104-700-normal-CnIgKCde.woff2              13.32 kB
dist/assets/m-plus-rounded-1c-116-500-normal-BmcjSjaU.woff               13.32 kB
dist/assets/m-plus-rounded-1c-6-800-normal-OT24WWdA.woff                 13.33 kB
dist/assets/m-plus-rounded-1c-63-700-normal-BBCElR07.woff2               13.33 kB
dist/assets/m-plus-rounded-1c-6-700-normal-Cm4IFA1J.woff                 13.34 kB
dist/assets/ibm-plex-mono-latin-ext-400-normal-BmRBH3aV.woff2            13.34 kB
dist/assets/m-plus-rounded-1c-75-500-normal-DnD8jBdR.woff2               13.38 kB
dist/assets/m-plus-rounded-1c-80-500-normal-Cx5JFNsZ.woff2               13.38 kB
dist/assets/m-plus-rounded-1c-95-800-normal-Bu7i_k8R.woff2               13.38 kB
dist/assets/m-plus-rounded-1c-102-700-normal-DqdVCxAZ.woff2              13.40 kB
dist/assets/m-plus-rounded-1c-115-500-normal-CARFjWwq.woff               13.41 kB
dist/assets/m-plus-rounded-1c-27-500-normal-kLMBfcYV.woff2               13.41 kB
dist/assets/ibm-plex-mono-latin-ext-500-normal-CAhNIIs5.woff2            13.43 kB
dist/assets/m-plus-rounded-1c-93-700-normal-D2MsuqEn.woff2               13.44 kB
dist/assets/m-plus-rounded-1c-9-700-normal-Bqq1GaV2.woff2                13.45 kB
dist/assets/zen-kaku-gothic-new-64-900-normal-Cpfd5oXA.woff              13.45 kB
dist/assets/m-plus-rounded-1c-71-700-normal-BP8-L-ON.woff2               13.45 kB
dist/assets/m-plus-rounded-1c-67-500-normal-Bz-mFH0a.woff2               13.48 kB
dist/assets/m-plus-rounded-1c-96-700-normal-BscQFlsu.woff2               13.48 kB
dist/assets/m-plus-rounded-1c-105-700-normal-DJOCaAuS.woff2              13.49 kB
dist/assets/m-plus-rounded-1c-12-700-normal-B0ra8Vx0.woff2               13.49 kB
dist/assets/m-plus-rounded-1c-66-800-normal-B8WVFjP6.woff2               13.49 kB
dist/assets/m-plus-rounded-1c-76-500-normal-Be9BQQDg.woff2               13.50 kB
dist/assets/m-plus-rounded-1c-85-800-normal-5AGLinot.woff2               13.50 kB
dist/assets/m-plus-rounded-1c-63-800-normal-CLWy-I2I.woff2               13.52 kB
dist/assets/m-plus-rounded-1c-66-700-normal-C_emXWz0.woff2               13.52 kB
dist/assets/m-plus-rounded-1c-93-800-normal-CS6j4P1e.woff2               13.54 kB
dist/assets/zen-kaku-gothic-new-38-900-normal-B7K-kjtB.woff2             13.54 kB
dist/assets/m-plus-rounded-1c-89-700-normal-DjWn_txu.woff2               13.55 kB
dist/assets/m-plus-rounded-1c-42-800-normal-BMfZzqGk.woff2               13.55 kB
dist/assets/zen-kaku-gothic-new-64-700-normal-DvlpKYQj.woff              13.56 kB
dist/assets/m-plus-rounded-1c-43-500-normal-DxuIDADU.woff2               13.56 kB
dist/assets/m-plus-rounded-1c-91-500-normal-DMoJpf-m.woff2               13.57 kB
dist/assets/m-plus-rounded-1c-74-700-normal-PsHZXRPe.woff2               13.58 kB
dist/assets/m-plus-rounded-1c-103-700-normal-DvSU1msL.woff2              13.59 kB
dist/assets/m-plus-rounded-1c-105-800-normal-Bi2DPHeP.woff2              13.59 kB
dist/assets/m-plus-rounded-1c-29-500-normal-DDB4h7HI.woff                13.59 kB
dist/assets/m-plus-rounded-1c-42-700-normal-97YlyGm_.woff2               13.59 kB
dist/assets/m-plus-rounded-1c-102-800-normal-BqqYv3qW.woff2              13.60 kB
dist/assets/m-plus-rounded-1c-84-700-normal-CWqETu3r.woff2               13.60 kB
dist/assets/zen-kaku-gothic-new-64-500-normal-BC74byhV.woff              13.63 kB
dist/assets/m-plus-rounded-1c-9-800-normal-f_geCqbR.woff2                13.64 kB
dist/assets/m-plus-rounded-1c-92-700-normal-yeCZZiIB.woff2               13.64 kB
dist/assets/m-plus-rounded-1c-108-500-normal-BzW-5Uav.woff2              13.66 kB
dist/assets/m-plus-rounded-1c-49-500-normal-QWn5jeIf.woff2               13.67 kB
dist/assets/m-plus-rounded-1c-104-800-normal-5yBoPUGs.woff2              13.67 kB
dist/assets/m-plus-rounded-1c-116-700-normal-BlMvB_1E.woff               13.68 kB
dist/assets/m-plus-rounded-1c-71-800-normal-iSZ0baDV.woff2               13.68 kB
dist/assets/zen-kaku-gothic-new-38-500-normal-B22d519O.woff2             13.69 kB
dist/assets/zen-kaku-gothic-new-64-400-normal-CcCYDG4A.woff              13.69 kB
dist/assets/zen-kaku-gothic-new-38-400-normal-BdioC2nF.woff2             13.69 kB
dist/assets/m-plus-rounded-1c-48-700-normal-DH_--Usi.woff2               13.70 kB
dist/assets/m-plus-rounded-1c-81-700-normal-BdJzAeA-.woff2               13.70 kB
dist/assets/zen-kaku-gothic-new-27-900-normal-IN8zmaJ2.woff2             13.70 kB
dist/assets/m-plus-rounded-1c-115-700-normal-TBjGM2ls.woff               13.72 kB
dist/assets/m-plus-rounded-1c-82-500-normal-FVqxKiue.woff2               13.72 kB
dist/assets/m-plus-rounded-1c-48-800-normal-HAtywW7X.woff2               13.73 kB
dist/assets/m-plus-rounded-1c-89-800-normal-8XI2KocH.woff2               13.73 kB
dist/assets/m-plus-rounded-1c-96-800-normal-BafK8mxw.woff2               13.74 kB
dist/assets/m-plus-rounded-1c-44-500-normal-BA9cogdF.woff2               13.75 kB
dist/assets/m-plus-rounded-1c-94-500-normal-DN1bBroJ.woff2               13.75 kB
dist/assets/zen-kaku-gothic-new-27-500-normal-BHWonAaH.woff2             13.76 kB
dist/assets/m-plus-rounded-1c-7-500-normal-DIA563xO.woff2                13.77 kB
dist/assets/zen-kaku-gothic-new-27-700-normal-CU1UFpaE.woff2             13.78 kB
dist/assets/m-plus-rounded-1c-8-700-normal-BopOXgwQ.woff2                13.78 kB
dist/assets/m-plus-rounded-1c-90-500-normal-mKa3WfsN.woff2               13.80 kB
dist/assets/m-plus-rounded-1c-81-800-normal-Db8wj4ll.woff2               13.80 kB
dist/assets/zen-kaku-gothic-new-33-900-normal-C0qSWB8m.woff2             13.80 kB
dist/assets/m-plus-rounded-1c-109-500-normal-DVCDhyUY.woff               13.81 kB
dist/assets/m-plus-rounded-1c-74-800-normal-CyG7OQid.woff2               13.81 kB
dist/assets/m-plus-rounded-1c-110-500-normal-GJmIwL0W.woff               13.82 kB
dist/assets/m-plus-rounded-1c-92-800-normal-6ibSIKaB.woff2               13.82 kB
dist/assets/m-plus-rounded-1c-115-800-normal-CmCFq4WZ.woff               13.83 kB
dist/assets/m-plus-rounded-1c-27-700-normal-DIJj_ywu.woff2               13.85 kB
dist/assets/m-plus-rounded-1c-67-700-normal-DofsWwyI.woff2               13.86 kB
dist/assets/m-plus-rounded-1c-46-500-normal-D0qVmS78.woff2               13.86 kB
dist/assets/m-plus-rounded-1c-98-700-normal-CPQ5IC0l.woff2               13.86 kB
dist/assets/m-plus-rounded-1c-27-800-normal-CXw9a1v0.woff2               13.88 kB
dist/assets/m-plus-rounded-1c-83-500-normal-D6_3p88J.woff2               13.88 kB
dist/assets/m-plus-rounded-1c-103-800-normal-fIAzU0f2.woff2              13.88 kB
dist/assets/m-plus-rounded-1c-12-800-normal-BniVWY_z.woff2               13.90 kB
dist/assets/m-plus-rounded-1c-76-700-normal-D9mpSbVP.woff2               13.90 kB
dist/assets/m-plus-rounded-1c-84-800-normal-Cx2l0S1d.woff2               13.91 kB
dist/assets/zen-kaku-gothic-new-27-400-normal-DSVj6hlR.woff2             13.91 kB
dist/assets/m-plus-rounded-1c-116-800-normal-L5O19sY2.woff               13.93 kB
dist/assets/m-plus-rounded-1c-33-700-normal-C8r0L0Ht.woff2               13.94 kB
dist/assets/m-plus-rounded-1c-36-500-normal-Dmu9ARlF.woff2               13.94 kB
dist/assets/m-plus-rounded-1c-80-700-normal-Dbw3MyFA.woff2               13.95 kB
dist/assets/m-plus-rounded-1c-47-500-normal-CLWza-SS.woff                13.96 kB
dist/assets/m-plus-rounded-1c-87-500-normal-rhKUv-DJ.woff2               13.97 kB
dist/assets/m-plus-rounded-1c-29-700-normal-EV3CxmUq.woff                13.98 kB
dist/assets/m-plus-rounded-1c-75-700-normal-DAq4XM3F.woff2               13.98 kB
dist/assets/zen-kaku-gothic-new-33-400-normal-WW-d4DKk.woff2             13.98 kB
dist/assets/m-plus-rounded-1c-67-800-normal-7IoJXM2y.woff2               14.00 kB
dist/assets/m-plus-rounded-1c-56-500-normal-ClfzZsTT.woff                14.01 kB
dist/assets/zen-kaku-gothic-new-38-700-normal-CeroOK3m.woff2             14.02 kB
dist/assets/m-plus-rounded-1c-28-500-normal-B2icKo33.woff                14.02 kB
dist/assets/m-plus-rounded-1c-75-800-normal-DOSrIhQj.woff2               14.02 kB
dist/assets/m-plus-rounded-1c-101-500-normal-Wv5y7tCg.woff               14.02 kB
dist/assets/m-plus-rounded-1c-69-500-normal-6b-luuLz.woff2               14.02 kB
dist/assets/m-plus-rounded-1c-100-500-normal-B6nrQ8Mq.woff2              14.04 kB
dist/assets/m-plus-rounded-1c-91-700-normal-D8fqbGfU.woff2               14.04 kB
dist/assets/zen-kaku-gothic-new-33-500-normal-CXYD2mkV.woff2             14.08 kB
dist/assets/m-plus-rounded-1c-76-800-normal-Dcu_knIY.woff2               14.09 kB
dist/assets/m-plus-rounded-1c-16-500-normal-CNCHYxxT.woff2               14.10 kB
dist/assets/m-plus-rounded-1c-33-800-normal-BvxqUK7C.woff2               14.10 kB
dist/assets/m-plus-rounded-1c-62-500-normal-CYV_vDoy.woff2               14.12 kB
dist/assets/m-plus-rounded-1c-98-800-normal-CdYdXt5S.woff2               14.12 kB
dist/assets/m-plus-rounded-1c-80-800-normal-B8KFe9uX.woff2               14.14 kB
dist/assets/m-plus-rounded-1c-112-500-normal-DSNkHNG5.woff               14.15 kB
dist/assets/m-plus-rounded-1c-110-800-normal-BZ1dGLzD.woff               14.15 kB
dist/assets/m-plus-rounded-1c-45-500-normal-BGfDOq0b.woff                14.16 kB
dist/assets/m-plus-rounded-1c-91-800-normal-DkP-diOP.woff2               14.16 kB
dist/assets/m-plus-rounded-1c-99-500-normal-BT3ZmhHR.woff2               14.16 kB
dist/assets/m-plus-rounded-1c-108-700-normal-B7X7n5sU.woff2              14.17 kB
dist/assets/m-plus-rounded-1c-8-800-normal-BkLZaKi0.woff2                14.17 kB
dist/assets/m-plus-rounded-1c-11-700-normal-DQP3qCuV.woff2               14.18 kB
dist/assets/m-plus-rounded-1c-cyrillic-ext-700-normal-LGrCNc1u.woff      14.18 kB
dist/assets/m-plus-rounded-1c-29-800-normal-BvLYlfaS.woff                14.18 kB
dist/assets/m-plus-rounded-1c-109-700-normal-KilDu0s7.woff               14.20 kB
dist/assets/m-plus-rounded-1c-47-700-normal-BYPNtKRY.woff                14.20 kB
dist/assets/m-plus-rounded-1c-110-700-normal-z0Tsxp1_.woff               14.21 kB
dist/assets/zen-kaku-gothic-new-36-400-normal-CYKumwcd.woff2             14.22 kB
dist/assets/zen-kaku-gothic-new-36-500-normal-CzzCsSfE.woff2             14.22 kB
dist/assets/zen-kaku-gothic-new-36-900-normal-DgYMjPX3.woff2             14.22 kB
dist/assets/m-plus-rounded-1c-106-500-normal-B3p4M-9B.woff2              14.22 kB
dist/assets/m-plus-rounded-1c-79-500-normal-Bee4MJ8-.woff2               14.22 kB
dist/assets/m-plus-rounded-1c-cyrillic-ext-500-normal-BS6ExHfV.woff      14.24 kB
dist/assets/m-plus-rounded-1c-25-500-normal-CaN6jWlU.woff2               14.25 kB
dist/assets/m-plus-rounded-1c-56-700-normal-CFCGXXJT.woff                14.26 kB
dist/assets/zen-kaku-gothic-new-49-900-normal-BTy2baNx.woff2             14.26 kB
dist/assets/m-plus-rounded-1c-cyrillic-ext-800-normal-CSZHi4HB.woff      14.26 kB
dist/assets/m-plus-rounded-1c-56-800-normal-Dt2OrWB5.woff                14.26 kB
dist/assets/zen-kaku-gothic-new-33-700-normal-CQpMvvyL.woff2             14.26 kB
dist/assets/klee-one-117-600-normal-CJSLfiuH.woff                        14.28 kB
dist/assets/m-plus-rounded-1c-90-700-normal-DPHq42_1.woff2               14.29 kB
dist/assets/m-plus-rounded-1c-70-500-normal-BbwrJQ90.woff2               14.30 kB
dist/assets/m-plus-rounded-1c-44-700-normal-C2zU5u6U.woff2               14.31 kB
dist/assets/zen-kaku-gothic-new-49-400-normal-CHvX1ayf.woff2             14.31 kB
dist/assets/m-plus-rounded-1c-49-700-normal-D3EBWhDY.woff2               14.32 kB
dist/assets/m-plus-rounded-1c-94-700-normal-Cy5Fxtia.woff2               14.32 kB
dist/assets/m-plus-rounded-1c-83-700-normal-CJ0cD35T.woff2               14.33 kB
dist/assets/zen-kaku-gothic-new-49-500-normal-CNQ-uMD9.woff2             14.34 kB
dist/assets/m-plus-rounded-1c-101-700-normal-CwdvLTvc.woff               14.34 kB
dist/assets/zen-kaku-gothic-new-43-900-normal-uu2gYxQF.woff2             14.35 kB
dist/assets/m-plus-rounded-1c-109-800-normal-Cleq-hzE.woff               14.36 kB
dist/assets/m-plus-rounded-1c-46-700-normal-VCQk5vMY.woff2               14.36 kB
dist/assets/m-plus-rounded-1c-47-800-normal-6X7z778j.woff                14.36 kB
dist/assets/zen-kaku-gothic-new-47-500-normal-jfCda3QO.woff2             14.36 kB
dist/assets/zen-kaku-gothic-new-36-700-normal-Bv_NXrDF.woff2             14.37 kB
dist/assets/m-plus-rounded-1c-7-700-normal-eqROEr66.woff2                14.38 kB
dist/assets/m-plus-rounded-1c-112-700-normal-C6fDbd_D.woff               14.41 kB
dist/assets/m-plus-rounded-1c-82-700-normal-C-srBS7g.woff2               14.42 kB
dist/assets/m-plus-rounded-1c-100-700-normal-BgvrG3yt.woff2              14.43 kB
dist/assets/zen-kaku-gothic-new-26-400-normal-B8m7Q1hR.woff2             14.43 kB
dist/assets/zen-kaku-gothic-new-47-400-normal-CIprsbYx.woff2             14.43 kB
dist/assets/m-plus-rounded-1c-11-800-normal-C6NNEfWf.woff2               14.44 kB
dist/assets/m-plus-rounded-1c-90-800-normal-BrVrtxKm.woff2               14.45 kB
dist/assets/m-plus-rounded-1c-44-800-normal-D_NEgnwU.woff2               14.46 kB
dist/assets/m-plus-rounded-1c-108-800-normal-BdV54Kt9.woff2              14.46 kB
dist/assets/m-plus-rounded-1c-73-500-normal-BWaBp127.woff2               14.47 kB
dist/assets/m-plus-rounded-1c-112-800-normal-CpFNMlCV.woff               14.48 kB
dist/assets/m-plus-rounded-1c-31-500-normal-5MIDl6GK.woff2               14.48 kB
dist/assets/zen-kaku-gothic-new-49-700-normal-Ds0FaYYK.woff2             14.49 kB
dist/assets/m-plus-rounded-1c-77-500-normal-O-MXBiOx.woff2               14.49 kB
dist/assets/m-plus-rounded-1c-83-800-normal-C7nImlIk.woff2               14.49 kB
dist/assets/zen-kaku-gothic-new-47-700-normal-bqoftxR6.woff2             14.50 kB
dist/assets/klee-one-114-600-normal-XqCLWsKO.woff2                       14.51 kB
dist/assets/m-plus-rounded-1c-46-800-normal-Bfyms2Qg.woff2               14.51 kB
dist/assets/m-plus-rounded-1c-7-800-normal-Y5MQs9ug.woff2                14.51 kB
dist/assets/zen-kaku-gothic-new-26-900-normal-DX03ZP4G.woff2             14.52 kB
dist/assets/m-plus-rounded-1c-101-800-normal-zbILf8GT.woff               14.52 kB
dist/assets/m-plus-rounded-1c-94-800-normal-i3kGipUn.woff2               14.52 kB
dist/assets/zen-kaku-gothic-new-47-900-normal-B_-XlsOw.woff2             14.52 kB
dist/assets/m-plus-rounded-1c-18-500-normal-CFY9w313.woff2               14.53 kB
dist/assets/m-plus-rounded-1c-86-500-normal-BDFkCPIs.woff                14.54 kB
dist/assets/m-plus-rounded-1c-111-500-normal-Cn7G8zNY.woff               14.55 kB
dist/assets/m-plus-rounded-1c-87-700-normal-vPu2LMw9.woff2               14.56 kB
dist/assets/m-plus-rounded-1c-28-700-normal-DF-wTEjR.woff                14.56 kB
dist/assets/m-plus-rounded-1c-62-700-normal-BrfVK_pY.woff2               14.56 kB
dist/assets/zen-kaku-gothic-new-26-500-normal-CVJYR5_Q.woff2             14.56 kB
dist/assets/m-plus-rounded-1c-16-700-normal-CsGTltFK.woff2               14.56 kB
dist/assets/m-plus-rounded-1c-45-700-normal-pROgTjC9.woff                14.58 kB
dist/assets/m-plus-rounded-1c-78-500-normal-2u1bK4gG.woff2               14.59 kB
dist/assets/m-plus-rounded-1c-28-800-normal-D7JYBd7T.woff                14.61 kB
dist/assets/m-plus-rounded-1c-97-500-normal-C3tLyfvW.woff                14.61 kB
dist/assets/m-plus-rounded-1c-69-700-normal-B-k1bjNV.woff2               14.62 kB
dist/assets/zen-kaku-gothic-new-26-700-normal-CDQzCcbu.woff2             14.63 kB
dist/assets/m-plus-rounded-1c-19-500-normal-CqRnUaOd.woff                14.65 kB
dist/assets/m-plus-rounded-1c-16-800-normal-DTPP85Om.woff2               14.66 kB
dist/assets/m-plus-rounded-1c-49-800-normal-DD-GxrF4.woff2               14.68 kB
dist/assets/m-plus-rounded-1c-87-800-normal-BM00EVAj.woff2               14.70 kB
dist/assets/m-plus-rounded-1c-36-700-normal-im6xLq42.woff2               14.70 kB
dist/assets/ibm-plex-mono-latin-400-normal-DMJ8VG8y.woff2                14.70 kB
dist/assets/m-plus-rounded-1c-62-800-normal-DfrGHz3N.woff2               14.71 kB
dist/assets/m-plus-rounded-1c-82-800-normal-B1IZkm1G.woff2               14.72 kB
dist/assets/m-plus-rounded-1c-70-700-normal-BkYrtzSs.woff2               14.75 kB
dist/assets/m-plus-rounded-1c-45-800-normal-C0zCYxL4.woff                14.76 kB
dist/assets/m-plus-rounded-1c-106-700-normal-DjaLkDda.woff2              14.76 kB
dist/assets/m-plus-rounded-1c-99-700-normal-CJKuh44w.woff2               14.77 kB
dist/assets/m-plus-rounded-1c-100-800-normal-BL_SV6bj.woff2              14.79 kB
dist/assets/zen-kaku-gothic-new-20-400-normal-t40e0K97.woff2             14.79 kB
dist/assets/m-plus-rounded-1c-106-800-normal-6bTmHgvA.woff2              14.80 kB
dist/assets/m-plus-rounded-1c-107-500-normal-B1mQaRsh.woff               14.80 kB
dist/assets/m-plus-rounded-1c-79-700-normal-DVEm9ZtX.woff2               14.80 kB
dist/assets/zen-kaku-gothic-new-43-500-normal-BoUi5LKq.woff2             14.83 kB
dist/assets/m-plus-rounded-1c-77-700-normal-5b1zjVl-.woff2               14.83 kB
dist/assets/m-plus-rounded-1c-25-800-normal-CUb78LgZ.woff2               14.85 kB
dist/assets/zen-kaku-gothic-new-43-400-normal-QmEnX2eH.woff2             14.85 kB
dist/assets/m-plus-rounded-1c-102-500-normal-bjVQVV3f.woff               14.86 kB
dist/assets/m-plus-rounded-1c-9-500-normal-zqXwnhim.woff                 14.86 kB
dist/assets/m-plus-rounded-1c-43-700-normal-BD_a5cST.woff2               14.88 kB
dist/assets/ibm-plex-mono-latin-500-normal-DSY6xOcd.woff2                14.88 kB
dist/assets/m-plus-rounded-1c-69-800-normal-C72q1FAU.woff2               14.89 kB
dist/assets/m-plus-rounded-1c-85-500-normal-CrMQXUyg.woff                14.89 kB
dist/assets/zen-kaku-gothic-new-20-500-normal-B-wEhWQV.woff2             14.90 kB
dist/assets/m-plus-rounded-1c-12-500-normal-DwwhIC-G.woff                14.90 kB
dist/assets/zen-kaku-gothic-new-46-900-normal-B95Tdz0w.woff              14.90 kB
dist/assets/m-plus-rounded-1c-70-800-normal-DRSFSeqs.woff2               14.91 kB
dist/assets/m-plus-rounded-1c-25-700-normal-D4PVN7Gj.woff2               14.92 kB
dist/assets/m-plus-rounded-1c-86-700-normal-CUz4HDbR.woff                14.92 kB
dist/assets/zen-kaku-gothic-new-43-700-normal-CyMVuGXt.woff2             14.92 kB
dist/assets/m-plus-rounded-1c-18-700-normal-DHxv5IvL.woff2               14.93 kB
dist/assets/m-plus-rounded-1c-73-700-normal-Bq0a5wFA.woff2               14.96 kB
dist/assets/m-plus-rounded-1c-88-500-normal-B8LOR-2Z.woff                14.96 kB
dist/assets/m-plus-rounded-1c-77-800-normal-8qKnN-Un.woff2               14.97 kB
dist/assets/zen-kaku-gothic-new-45-900-normal-Cwbk_o24.woff              14.97 kB
dist/assets/m-plus-rounded-1c-95-500-normal-DKQV9RGY.woff                14.98 kB
dist/assets/zen-kaku-gothic-new-46-700-normal-DQFcKIvp.woff              14.98 kB
dist/assets/zen-kaku-gothic-new-29-900-normal-BSjslvie.woff2             14.98 kB
dist/assets/zen-kaku-gothic-new-29-400-normal-CXtBCuBq.woff2             15.00 kB
dist/assets/m-plus-rounded-1c-43-800-normal-CzvRHe_O.woff2               15.00 kB
dist/assets/zen-kaku-gothic-new-46-400-normal-nrZ10_Lc.woff              15.02 kB
dist/assets/m-plus-rounded-1c-17-500-normal-CEZTMvU5.woff2               15.02 kB
dist/assets/zen-kaku-gothic-new-46-500-normal-BJboihzq.woff              15.02 kB
dist/assets/zen-kaku-gothic-new-29-700-normal-iz5Z0--Z.woff2             15.02 kB
dist/assets/m-plus-rounded-1c-86-800-normal-j1zQ4fFH.woff                15.03 kB
dist/assets/m-plus-rounded-1c-79-800-normal-BhJx2BLv.woff2               15.04 kB
dist/assets/m-plus-rounded-1c-97-700-normal-R0vmTdSB.woff                15.04 kB
dist/assets/m-plus-rounded-1c-36-800-normal-B-PEdVjJ.woff2               15.05 kB
dist/assets/m-plus-rounded-1c-19-700-normal-C4SrPVgQ.woff                15.06 kB
dist/assets/m-plus-rounded-1c-93-500-normal-CcgBX3Ns.woff                15.06 kB
dist/assets/m-plus-rounded-1c-99-800-normal-DPekZucH.woff2               15.06 kB
dist/assets/zen-kaku-gothic-new-29-500-normal-BTEtd_ef.woff2             15.08 kB
dist/assets/m-plus-rounded-1c-40-500-normal-CqiIA4cf.woff2               15.08 kB
dist/assets/m-plus-rounded-1c-78-700-normal-BW5eVzPJ.woff2               15.08 kB
dist/assets/zen-kaku-gothic-new-20-700-normal-5cRVk1Lv.woff2             15.10 kB
dist/assets/zen-kaku-gothic-new-45-700-normal-DZGPu1vm.woff              15.10 kB
dist/assets/m-plus-rounded-1c-89-500-normal-BwPq3cwC.woff                15.12 kB
dist/assets/m-plus-rounded-1c-97-800-normal-Pcz6zzAH.woff                15.12 kB
dist/assets/zen-kaku-gothic-new-42-500-normal-BArvvuhy.woff2             15.12 kB
dist/assets/m-plus-rounded-1c-104-500-normal-BKi66g5e.woff               15.12 kB
dist/assets/m-plus-rounded-1c-18-800-normal-IibbpY3a.woff2               15.12 kB
dist/assets/zen-kaku-gothic-new-45-400-normal-C-JJT-h1.woff              15.13 kB
dist/assets/m-plus-rounded-1c-111-700-normal-BRr7A5PG.woff               15.13 kB
dist/assets/zen-kaku-gothic-new-45-500-normal-Cbgl9AvI.woff              15.14 kB
dist/assets/m-plus-rounded-1c-63-500-normal-Bylpw-WQ.woff                15.15 kB
dist/assets/m-plus-rounded-1c-73-800-normal-DITTeoRm.woff2               15.16 kB
dist/assets/zen-kaku-gothic-new-42-400-normal-CPqCduqB.woff2             15.18 kB
dist/assets/m-plus-rounded-1c-68-500-normal-BKgyPdPq.woff2               15.18 kB
dist/assets/zen-kaku-gothic-new-42-900-normal-BZny1m3w.woff2             15.19 kB
dist/assets/zen-kaku-gothic-new-20-900-normal-FK7irFZO.woff2             15.20 kB
dist/assets/m-plus-rounded-1c-19-800-normal-D6nVdbJA.woff                15.21 kB
dist/assets/m-plus-rounded-1c-111-800-normal-CC59b5wJ.woff               15.22 kB
dist/assets/klee-one-59-600-normal-CK-MGKam.woff2                        15.22 kB
dist/assets/zen-kaku-gothic-new-48-900-normal-yvqPRul9.woff2             15.23 kB
dist/assets/m-plus-rounded-1c-61-500-normal-DBSPk8kK.woff2               15.28 kB
dist/assets/m-plus-rounded-1c-78-800-normal-gTDbDOO-.woff2               15.28 kB
dist/assets/m-plus-rounded-1c-8-500-normal-CaabEa0K.woff                 15.29 kB
dist/assets/m-plus-rounded-1c-95-700-normal-BM_2g9CU.woff                15.29 kB
dist/assets/m-plus-rounded-1c-107-700-normal--6kd7aY5.woff               15.32 kB
dist/assets/m-plus-rounded-1c-96-500-normal-otoFFAhH.woff                15.33 kB
dist/assets/m-plus-rounded-1c-48-500-normal-D2Pc7s8B.woff                15.34 kB
dist/assets/zen-kaku-gothic-new-42-700-normal-DttrsuW-.woff2             15.35 kB
dist/assets/m-plus-rounded-1c-85-700-normal-C4h94clj.woff                15.36 kB
dist/assets/m-plus-rounded-1c-33-500-normal-Bh2l7rkH.woff                15.36 kB
dist/assets/m-plus-rounded-1c-38-500-normal-BS-9Z3J2.woff2               15.36 kB
dist/assets/zen-kaku-gothic-new-48-400-normal-C-fb5H8k.woff2             15.37 kB
dist/assets/m-plus-rounded-1c-71-500-normal-DdI-85Hr.woff                15.38 kB
dist/assets/klee-one-116-600-normal-CQ3qs6cu.woff2                       15.39 kB
dist/assets/m-plus-rounded-1c-66-500-normal--CSpuE8F.woff                15.39 kB
dist/assets/m-plus-rounded-1c-107-800-normal-BY1hl5yo.woff               15.40 kB
dist/assets/m-plus-rounded-1c-59-500-normal-DwoEdpFJ.woff                15.40 kB
dist/assets/m-plus-rounded-1c-72-500-normal-CPV6XD7C.woff2               15.40 kB
dist/assets/m-plus-rounded-1c-63-700-normal-BhGsnuZy.woff                15.41 kB
dist/assets/zen-kaku-gothic-new-48-500-normal-CisW2H3O.woff2             15.41 kB
dist/assets/m-plus-rounded-1c-88-800-normal-OJTK9KZM.woff                15.42 kB
dist/assets/m-plus-rounded-1c-9-700-normal-DQwO8mgW.woff                 15.43 kB
dist/assets/m-plus-rounded-1c-32-500-normal-BBKONgvv.woff2               15.44 kB
dist/assets/m-plus-rounded-1c-95-800-normal-BoMtZYJE.woff                15.45 kB
dist/assets/m-plus-rounded-1c-88-700-normal-DYIKx0d0.woff                15.46 kB
dist/assets/m-plus-rounded-1c-103-500-normal-COZbSi-H.woff               15.47 kB
dist/assets/m-plus-rounded-1c-102-700-normal-C5--l2W4.woff               15.48 kB
dist/assets/m-plus-rounded-1c-105-500-normal-B_fOUdh5.woff               15.48 kB
dist/assets/m-plus-rounded-1c-37-500-normal-DXxI6h8c.woff2               15.49 kB
dist/assets/m-plus-rounded-1c-98-500-normal-lcLOGcNS.woff                15.49 kB
dist/assets/klee-one-113-600-normal-BSGdAkFx.woff2                       15.50 kB
dist/assets/zen-kaku-gothic-new-48-700-normal-ClXpS6hJ.woff2             15.50 kB
dist/assets/m-plus-rounded-1c-31-700-normal-CqWKZFKk.woff2               15.51 kB
dist/assets/m-plus-rounded-1c-81-500-normal-CnxeC8Sj.woff                15.51 kB
dist/assets/m-plus-rounded-1c-92-500-normal-i1YoWmUx.woff                15.52 kB
dist/assets/m-plus-rounded-1c-11-500-normal-D7ormKHw.woff                15.54 kB
dist/assets/m-plus-rounded-1c-74-500-normal-CBsZBLeN.woff                15.54 kB
dist/assets/zen-kaku-gothic-new-13-900-normal-Cr0JMS4e.woff2             15.55 kB
dist/assets/m-plus-rounded-1c-42-500-normal-DpR-dO89.woff                15.56 kB
dist/assets/m-plus-rounded-1c-60-500-normal-CdUCBUtv.woff2               15.57 kB
dist/assets/m-plus-rounded-1c-84-500-normal-DCR4YSTL.woff                15.57 kB
dist/assets/m-plus-rounded-1c-61-700-normal-cFGiUMAL.woff2               15.57 kB
dist/assets/m-plus-rounded-1c-102-800-normal-7IQfEo5w.woff               15.58 kB
dist/assets/m-plus-rounded-1c-104-700-normal-Dt4FzdbR.woff               15.59 kB
dist/assets/m-plus-rounded-1c-85-800-normal-CNudRutw.woff                15.62 kB
dist/assets/m-plus-rounded-1c-63-800-normal-CO9EHsVc.woff                15.64 kB
dist/assets/m-plus-rounded-1c-22-500-normal-CBv7g3YE.woff2               15.64 kB
dist/assets/m-plus-rounded-1c-65-500-normal-C7ezmI3-.woff2               15.64 kB
dist/assets/m-plus-rounded-1c-80-500-normal-CnWu5oBI.woff                15.65 kB
dist/assets/m-plus-rounded-1c-75-500-normal-CpgQaH-x.woff                15.65 kB
dist/assets/m-plus-rounded-1c-59-700-normal-CY7WMbGo.woff                15.66 kB
dist/assets/klee-one-115-600-normal-hMpoLhnU.woff2                       15.67 kB
dist/assets/m-plus-rounded-1c-66-800-normal-CLn2ufCk.woff                15.67 kB
dist/assets/m-plus-rounded-1c-89-700-normal-C9ZmqViU.woff                15.67 kB
dist/assets/m-plus-rounded-1c-71-700-normal-BCPI7ndM.woff                15.68 kB
dist/assets/m-plus-rounded-1c-93-700-normal-BeZQKxI8.woff                15.68 kB
dist/assets/zen-kaku-gothic-new-16-900-normal-KCSLZjwZ.woff2             15.68 kB
dist/assets/m-plus-rounded-1c-68-700-normal-DPepatt2.woff2               15.68 kB
dist/assets/m-plus-rounded-1c-59-800-normal-D06-HyM0.woff                15.70 kB
dist/assets/m-plus-rounded-1c-105-700-normal-B_qOaQP4.woff               15.72 kB
dist/assets/zen-kaku-gothic-new-13-400-normal-DeTYCwPl.woff2             15.72 kB
dist/assets/m-plus-rounded-1c-9-800-normal-BXlNunpl.woff                 15.73 kB
dist/assets/m-plus-rounded-1c-66-700-normal-BgmgLsge.woff                15.74 kB
dist/assets/m-plus-rounded-1c-27-500-normal-BP2XjMAX.woff                15.77 kB
dist/assets/m-plus-rounded-1c-93-800-normal-adSONwS4.woff                15.78 kB
dist/assets/m-plus-rounded-1c-67-500-normal-DUUWht5k.woff                15.79 kB
dist/assets/m-plus-rounded-1c-92-700-normal-CI9ybC7l.woff                15.80 kB
dist/assets/m-plus-rounded-1c-96-700-normal-LqdRazGh.woff                15.80 kB
dist/assets/m-plus-rounded-1c-71-800-normal-FXejK6d9.woff                15.84 kB
dist/assets/m-plus-rounded-1c-76-500-normal-DiXlJe_Z.woff                15.86 kB
dist/assets/m-plus-rounded-1c-68-800-normal-BJORL_Hv.woff2               15.86 kB
dist/assets/m-plus-rounded-1c-72-700-normal-BSNcOUhs.woff2               15.86 kB
dist/assets/m-plus-rounded-1c-14-500-normal-CB4EnXvn.woff2               15.87 kB
dist/assets/m-plus-rounded-1c-105-800-normal-isSsLk_F.woff               15.88 kB
dist/assets/m-plus-rounded-1c-31-800-normal-DM0ZBn7F.woff2               15.88 kB
dist/assets/m-plus-rounded-1c-89-800-normal-DFj9PpPW.woff                15.89 kB
dist/assets/m-plus-rounded-1c-84-700-normal-DCj8cOtV.woff                15.90 kB
dist/assets/m-plus-rounded-1c-17-700-normal-DuE6l_2L.woff2               15.90 kB
dist/assets/zen-kaku-gothic-new-16-400-normal-Bc2jhksj.woff2             15.91 kB
dist/assets/zen-kaku-gothic-new-12-500-normal-ejRxsBx6.woff2             15.92 kB
dist/assets/zen-kaku-gothic-new-16-500-normal-B413LXF6.woff2             15.92 kB
dist/assets/m-plus-rounded-1c-104-800-normal-Bc7NZq9E.woff               15.93 kB
dist/assets/m-plus-rounded-1c-96-800-normal-hMUCfdG1.woff                15.93 kB
dist/assets/m-plus-rounded-1c-103-700-normal-nbQYi7Hg.woff               15.93 kB
dist/assets/m-plus-rounded-1c-74-700-normal-Br30NZHF.woff                15.94 kB
dist/assets/m-plus-rounded-1c-91-500-normal-C-TL5wQS.woff                15.96 kB
dist/assets/m-plus-rounded-1c-42-800-normal-JTJS51hz.woff                15.96 kB
dist/assets/m-plus-rounded-1c-43-500-normal-BleGvGKS.woff                15.96 kB
dist/assets/m-plus-rounded-1c-37-700-normal-BHH2mP9k.woff2               15.97 kB
dist/assets/m-plus-rounded-1c-81-800-normal-BNEM3zVJ.woff                15.97 kB
dist/assets/m-plus-rounded-1c-81-700-normal-Wl6jR6Mi.woff                15.97 kB
dist/assets/zen-kaku-gothic-new-5-900-normal-Du1STfzj.woff2              15.98 kB
dist/assets/m-plus-rounded-1c-61-800-normal-CgH0uUZM.woff2               15.98 kB
dist/assets/zen-kaku-gothic-new-13-500-normal-DzxE3OsG.woff2             15.98 kB
dist/assets/m-plus-rounded-1c-12-700-normal-CFIs9A3X.woff                15.99 kB
dist/assets/m-plus-rounded-1c-72-800-normal-HnF-1UXE.woff2               16.00 kB
dist/assets/m-plus-rounded-1c-48-700-normal-o9QPvUnp.woff                16.01 kB
dist/assets/m-plus-rounded-1c-17-800-normal-BiudMSDB.woff2               16.02 kB
dist/assets/m-plus-rounded-1c-65-700-normal-BCH_V6ms.woff2               16.02 kB
dist/assets/zen-kaku-gothic-new-16-700-normal-BG25UZos.woff2             16.02 kB
dist/assets/m-plus-rounded-1c-42-700-normal-BWdYQaYp.woff                16.05 kB
dist/assets/m-plus-rounded-1c-90-500-normal-BHfwH7Vp.woff                16.06 kB
dist/assets/m-plus-rounded-1c-92-800-normal-BNkdono8.woff                16.06 kB
dist/assets/zen-kaku-gothic-new-44-400-normal-DRGK39S0.woff2             16.06 kB
dist/assets/m-plus-rounded-1c-48-800-normal-BBBNDi1C.woff                16.07 kB
dist/assets/m-plus-rounded-1c-60-700-normal-4U7NGxbo.woff2               16.07 kB
dist/assets/m-plus-rounded-1c-8-700-normal-nkGZY3dr.woff                 16.07 kB
dist/assets/m-plus-rounded-1c-74-800-normal-D79Kt1oZ.woff                16.07 kB
dist/assets/m-plus-rounded-1c-98-700-normal-UrWIZPsz.woff                16.08 kB
dist/assets/zen-kaku-gothic-new-13-700-normal-CpK4iJ4Q.woff2             16.08 kB
dist/assets/m-plus-rounded-1c-64-500-normal-DEPmdqZc.woff2               16.09 kB
dist/assets/zen-kaku-gothic-new-5-500-normal-BiatFd13.woff2              16.09 kB
dist/assets/m-plus-rounded-1c-82-500-normal-CmPbGfMw.woff                16.10 kB
dist/assets/m-plus-rounded-1c-84-800-normal-CAFHK6Sb.woff                16.12 kB
dist/assets/zen-kaku-gothic-new-44-900-normal-ZCv4rSqq.woff2             16.12 kB
dist/assets/m-plus-rounded-1c-24-500-normal-CShG43tv.woff2               16.14 kB
dist/assets/m-plus-rounded-1c-37-800-normal-PVv7rqoP.woff2               16.14 kB
dist/assets/m-plus-rounded-1c-38-700-normal-Dqy-Cagj.woff2               16.14 kB
dist/assets/m-plus-rounded-1c-108-500-normal--oYhc7Dx.woff               16.14 kB
dist/assets/m-plus-rounded-1c-94-500-normal-qVCXZuwh.woff                16.15 kB
dist/assets/m-plus-rounded-1c-103-800-normal-Dm_TkGQW.woff               16.15 kB
dist/assets/m-plus-rounded-1c-76-700-normal-DP9Godm6.woff                16.16 kB
dist/assets/zen-kaku-gothic-new-5-400-normal-CXVIdeHc.woff2              16.16 kB
dist/assets/m-plus-rounded-1c-75-700-normal-BHPyjiZL.woff                16.18 kB
dist/assets/m-plus-rounded-1c-67-700-normal-kQ0A5o6B.woff                16.19 kB
dist/assets/zen-kaku-gothic-new-44-700-normal-f1Hc0ABE.woff2             16.20 kB
dist/assets/m-plus-rounded-1c-27-700-normal-CZADyG0c.woff                16.20 kB
dist/assets/zen-kaku-gothic-new-44-500-normal-6JDauJmr.woff2             16.21 kB
dist/assets/m-plus-rounded-1c-7-500-normal-CyX3rPxq.woff                 16.22 kB
dist/assets/m-plus-rounded-1c-22-700-normal-wC4fzpVN.woff2               16.22 kB
dist/assets/m-plus-rounded-1c-80-700-normal-DaYlFPit.woff                16.22 kB
dist/assets/zen-kaku-gothic-new-5-700-normal-jZxFx_Gz.woff2              16.22 kB
dist/assets/zen-kaku-gothic-new-38-900-normal-DA14Za97.woff              16.23 kB
dist/assets/klee-one-109-600-normal-rLf6X2BI.woff2                       16.24 kB
dist/assets/m-plus-rounded-1c-87-500-normal-D5oQpGRf.woff                16.24 kB
dist/assets/m-plus-rounded-1c-27-800-normal-B8riem2R.woff                16.26 kB
dist/assets/m-plus-rounded-1c-75-800-normal-CR33oXmE.woff                16.27 kB
dist/assets/m-plus-rounded-1c-40-700-normal-CplgcXbA.woff2               16.27 kB
dist/assets/m-plus-rounded-1c-49-500-normal-BijizyJU.woff                16.27 kB
dist/assets/m-plus-rounded-1c-83-500-normal-DdYdZAeO.woff                16.28 kB
dist/assets/m-plus-rounded-1c-67-800-normal-CwcCtp0v.woff                16.28 kB
dist/assets/klee-one-101-600-normal-DRCML3Kb.woff2                       16.31 kB
dist/assets/m-plus-rounded-1c-65-800-normal-FWzLLfJd.woff2               16.31 kB
dist/assets/m-plus-rounded-1c-12-800-normal-CssKNj8_.woff                16.32 kB
dist/assets/m-plus-rounded-1c-98-800-normal-B1E0LZVq.woff                16.33 kB
dist/assets/m-plus-rounded-1c-60-800-normal-5HHtWP5H.woff2               16.34 kB
dist/assets/m-plus-rounded-1c-80-800-normal-Pa8p5Vt1.woff                16.34 kB
dist/assets/m-plus-rounded-1c-91-700-normal-DrS3e1YZ.woff                16.36 kB
dist/assets/m-plus-rounded-1c-100-500-normal-D-4uKWv4.woff               16.36 kB
dist/assets/m-plus-rounded-1c-38-800-normal-CiO9ibD5.woff2               16.40 kB
dist/assets/m-plus-rounded-1c-33-700-normal-bN6Tfdq1.woff                16.40 kB
dist/assets/zen-kaku-gothic-new-38-500-normal-CUVFBOJ3.woff              16.40 kB
dist/assets/zen-kaku-gothic-new-27-900-normal-BsVeTlM0.woff              16.43 kB
dist/assets/m-plus-rounded-1c-40-800-normal-B0Fk6F93.woff2               16.44 kB
dist/assets/m-plus-rounded-1c-44-500-normal-Cs9-52qp.woff                16.44 kB
dist/assets/m-plus-rounded-1c-76-800-normal-DTKB1ZFB.woff                16.44 kB
dist/assets/zen-kaku-gothic-new-18-900-normal-DVLLJKW6.woff2             16.44 kB
dist/assets/zen-kaku-gothic-new-38-400-normal-FgTETp1l.woff              16.45 kB
dist/assets/zen-kaku-gothic-new-40-900-normal-4NKe4J9m.woff2             16.46 kB
dist/assets/m-plus-rounded-1c-69-500-normal-BfEfe1In.woff                16.50 kB
dist/assets/m-plus-rounded-1c-91-800-normal-Bsk5Ridj.woff                16.50 kB
dist/assets/zen-kaku-gothic-new-14-900-normal-Ce8ZP4_x.woff2             16.54 kB
dist/assets/m-plus-rounded-1c-8-800-normal-CrPbbmUC.woff                 16.55 kB
dist/assets/m-plus-rounded-1c-30-500-normal-CyeG4e4_.woff2               16.56 kB
dist/assets/m-plus-rounded-1c-26-500-normal-DX_cuP_4.woff2               16.56 kB
dist/assets/m-plus-rounded-1c-22-800-normal-DVJXFMpD.woff2               16.57 kB
dist/assets/m-plus-rounded-1c-46-500-normal-c4dNFMkK.woff                16.57 kB
dist/assets/klee-one-112-600-normal-NwE38Y5T.woff2                       16.58 kB
dist/assets/m-plus-rounded-1c-62-500-normal-DZINduBo.woff                16.58 kB
dist/assets/zen-kaku-gothic-new-27-700-normal-BpWPUNJM.woff              16.58 kB
dist/assets/m-plus-rounded-1c-108-700-normal-DtySjkj_.woff               16.58 kB
dist/assets/m-plus-rounded-1c-33-800-normal-CsNKfLA0.woff                16.59 kB
dist/assets/m-plus-rounded-1c-99-500-normal-D16e0Ppp.woff                16.61 kB
dist/assets/m-plus-rounded-1c-15-500-normal-_Q8X67LB.woff2               16.61 kB
dist/assets/m-plus-rounded-1c-90-700-normal-CXIKaSvy.woff                16.61 kB
dist/assets/zen-kaku-gothic-new-12-900-normal-0WxNWDaR.woff2             16.62 kB
dist/assets/zen-kaku-gothic-new-33-900-normal-vvZ7zFzL.woff              16.63 kB
dist/assets/klee-one-114-600-normal-DJXFkXYH.woff                        16.64 kB
dist/assets/zen-kaku-gothic-new-27-500-normal-BKSOj4gC.woff              16.66 kB
dist/assets/zen-kaku-gothic-new-12-400-normal-Cdlb3vOz.woff2             16.66 kB
dist/assets/m-plus-rounded-1c-79-500-normal-yZZq9fxh.woff                16.67 kB
dist/assets/m-plus-rounded-1c-16-500-normal-C332-0de.woff                16.68 kB
dist/assets/m-plus-rounded-1c-36-500-normal-PmnmBvu-.woff                16.68 kB
dist/assets/zen-kaku-gothic-new-38-700-normal-D2kDNKJP.woff              16.69 kB
dist/assets/zen-kaku-gothic-new-40-400-normal-GGYpqy1i.woff2             16.69 kB
dist/assets/m-plus-rounded-1c-94-700-normal-B_Nt_K_Y.woff                16.70 kB
dist/assets/m-plus-rounded-1c-90-800-normal-BmaDhL9w.woff                16.70 kB
dist/assets/m-plus-rounded-1c-70-500-normal-qp2re2Qx.woff                16.71 kB
dist/assets/zen-kaku-gothic-new-18-400-normal-Dfksk4J2.woff2             16.71 kB
dist/assets/m-plus-rounded-1c-64-700-normal-Hjm5q5Nu.woff2               16.72 kB
dist/assets/zen-kaku-gothic-new-27-400-normal-D8ikUvCO.woff              16.72 kB
dist/assets/m-plus-rounded-1c-14-700-normal-BqIJ1nMo.woff2               16.76 kB
dist/assets/m-plus-rounded-1c-11-700-normal-Df-Y9TVc.woff                16.77 kB
dist/assets/m-plus-rounded-1c-77-500-normal-BrB-5vZv.woff                16.77 kB
dist/assets/m-plus-rounded-1c-82-700-normal-16YJI6xh.woff                16.78 kB
dist/assets/m-plus-rounded-1c-83-700-normal-culRI0Yb.woff                16.78 kB
dist/assets/klee-one-110-600-normal-D4H144Qt.woff2                       16.78 kB
dist/assets/m-plus-rounded-1c-7-700-normal-8EBoA6xI.woff                 16.80 kB
dist/assets/zen-kaku-gothic-new-18-700-normal-Da0bOa8d.woff2             16.81 kB
dist/assets/m-plus-rounded-1c-106-500-normal-JhuFWrN_.woff               16.83 kB
dist/assets/m-plus-rounded-1c-21-500-normal-B9p03bw6.woff2               16.84 kB
dist/assets/m-plus-rounded-1c-25-500-normal-DWbd3226.woff                16.84 kB
dist/assets/m-plus-rounded-1c-87-700-normal-CSMnOUOP.woff                16.84 kB
dist/assets/m-plus-rounded-1c-34-500-normal-D3-opVgJ.woff2               16.84 kB
dist/assets/m-plus-rounded-1c-94-800-normal-R9_LdMxA.woff                16.84 kB
dist/assets/zen-kaku-gothic-new-18-500-normal-Bw-eN-kp.woff2             16.86 kB
dist/assets/m-plus-rounded-1c-108-800-normal-BLqeQfRt.woff               16.87 kB
dist/assets/m-plus-rounded-1c-83-800-normal-5_Xdl9uD.woff                16.87 kB
dist/assets/m-plus-rounded-1c-10-500-normal-PV2xRo5T.woff2               16.89 kB
dist/assets/m-plus-rounded-1c-100-700-normal-sHZaMBXb.woff               16.89 kB
dist/assets/m-plus-rounded-1c-14-800-normal-OqheLVPd.woff2               16.91 kB
dist/assets/m-plus-rounded-1c-49-700-normal-eJg-P9sc.woff                16.91 kB
dist/assets/m-plus-rounded-1c-82-800-normal-Dd50kkJt.woff                16.96 kB
dist/assets/m-plus-rounded-1c-73-500-normal-y6iX6pVx.woff                16.96 kB
dist/assets/m-plus-rounded-1c-62-700-normal-B4kC4Vkm.woff                16.98 kB
dist/assets/m-plus-rounded-1c-7-800-normal-CmOtg27S.woff                 16.98 kB
dist/assets/m-plus-rounded-1c-87-800-normal-zbdgIR_X.woff                16.98 kB
dist/assets/m-plus-rounded-1c-39-500-normal-DTlqCtxf.woff2               16.98 kB
dist/assets/zen-kaku-gothic-new-14-500-normal-DPxY7iE3.woff2             16.99 kB
dist/assets/m-plus-rounded-1c-69-700-normal-utX1jZ_i.woff                17.00 kB
dist/assets/m-plus-rounded-1c-46-700-normal-X9N8Ih7X.woff                17.00 kB
dist/assets/m-plus-rounded-1c-64-800-normal-DJl1Y3rQ.woff2               17.00 kB
dist/assets/m-plus-rounded-1c-44-700-normal-BJTP4d62.woff                17.01 kB
dist/assets/zen-kaku-gothic-new-14-400-normal-BMj1jgQn.woff2             17.01 kB
dist/assets/zen-kaku-gothic-new-40-500-normal-CyH3X6VM.woff2             17.02 kB
dist/assets/m-plus-rounded-1c-32-700-normal-DI87H9Oa.woff2               17.03 kB
dist/assets/zen-kaku-gothic-new-35-400-normal-BYUJpn8i.woff2             17.03 kB
dist/assets/m-plus-rounded-1c-18-500-normal-CWbvTUCt.woff                17.03 kB
dist/assets/m-plus-rounded-1c-11-800-normal-BBmVyF_B.woff                17.04 kB
dist/assets/zen-kaku-gothic-new-9-900-normal-sdY0_lq9.woff2              17.05 kB
dist/assets/klee-one-97-600-normal-Cb2AHhi9.woff2                        17.05 kB
dist/assets/zen-kaku-gothic-new-21-900-normal-qx04gymG.woff2             17.06 kB
dist/assets/m-plus-rounded-1c-15-700-normal-BdSoR7NF.woff2               17.06 kB
dist/assets/m-plus-rounded-1c-26-700-normal-263v5igB.woff2               17.07 kB
dist/assets/m-plus-rounded-1c-62-800-normal-CQvtRmCx.woff                17.08 kB
dist/assets/m-plus-rounded-1c-100-800-normal-BbC5JjHZ.woff               17.08 kB
dist/assets/m-plus-rounded-1c-44-800-normal-CJ7Jt2ZB.woff                17.08 kB
dist/assets/m-plus-rounded-1c-16-700-normal-CXHC0qz4.woff                17.09 kB
dist/assets/m-plus-rounded-1c-31-500-normal-BA35eXB7.woff                17.10 kB
dist/assets/m-plus-rounded-1c-78-500-normal-DHodhosR.woff                17.10 kB
dist/assets/klee-one-59-600-normal-CkeDPSU9.woff                         17.10 kB
dist/assets/zen-kaku-gothic-new-12-700-normal-D7-3bHc8.woff2             17.10 kB
dist/assets/klee-one-95-600-normal-B8J_II9u.woff2                        17.11 kB
dist/assets/zen-kaku-gothic-new-43-900-normal-BBdFQEZd.woff              17.11 kB
dist/assets/zen-kaku-gothic-new-14-700-normal-BpYDeIo7.woff2             17.12 kB
dist/assets/m-plus-rounded-1c-70-700-normal-C7hbgF9f.woff                17.12 kB
dist/assets/zen-kaku-gothic-new-33-400-normal-C-af0A55.woff              17.12 kB
dist/assets/m-plus-rounded-1c-49-800-normal-CiOv2iVP.woff                17.12 kB
dist/assets/zen-kaku-gothic-new-49-900-normal-BCPoJ0LZ.woff              17.13 kB
dist/assets/m-plus-rounded-1c-79-700-normal-_iEfphWc.woff                17.14 kB
dist/assets/zen-kaku-gothic-new-22-400-normal-45gtFdQg.woff2             17.15 kB
dist/assets/zen-kaku-gothic-new-40-700-normal-BRYGb_pk.woff2             17.16 kB
dist/assets/m-plus-rounded-1c-24-700-normal-DiCyo_wZ.woff2               17.16 kB
dist/assets/m-plus-rounded-1c-46-800-normal-41RQQKco.woff                17.16 kB
dist/assets/m-plus-rounded-1c-99-700-normal-CCrcEQLq.woff                17.16 kB
dist/assets/klee-one-111-600-normal-DVXA000h.woff2                       17.17 kB
dist/assets/m-plus-rounded-1c-41-500-normal-Q8XqhNdB.woff2               17.20 kB
dist/assets/m-plus-rounded-1c-70-800-normal-B1kcscgv.woff                17.20 kB
dist/assets/zen-kaku-gothic-new-22-900-normal-CFjOFUF9.woff2             17.20 kB
dist/assets/m-plus-rounded-1c-24-800-normal-CmF9zCrB.woff2               17.20 kB
dist/assets/m-plus-rounded-1c-69-800-normal-CVKcVStF.woff                17.21 kB
dist/assets/zen-kaku-gothic-new-22-500-normal-AC-Jb9zV.woff2             17.22 kB
dist/assets/zen-kaku-gothic-new-33-500-normal-Bv62VtxF.woff              17.24 kB
dist/assets/m-plus-rounded-1c-16-800-normal-uzGHnJMx.woff                17.25 kB
dist/assets/m-plus-rounded-1c-77-700-normal-DRtEYE5r.woff                17.25 kB
dist/assets/m-plus-rounded-1c-106-700-normal-CoxKdy8N.woff               17.27 kB
dist/assets/m-plus-rounded-1c-118-500-normal-DD1jco7J.woff               17.27 kB
dist/assets/klee-one-107-600-normal-Dca7HBlh.woff2                       17.28 kB
dist/assets/m-plus-rounded-1c-106-800-normal-BvI5wyuL.woff               17.28 kB
dist/assets/m-plus-rounded-1c-32-800-normal-Cr4vuxJC.woff2               17.30 kB
dist/assets/zen-kaku-gothic-new-9-500-normal-Lgbx3ft_.woff2              17.30 kB
dist/assets/zen-kaku-gothic-new-33-700-normal-COBxBG3d.woff              17.33 kB
dist/assets/zen-kaku-gothic-new-47-900-normal-D8kKzE9E.woff              17.33 kB
dist/assets/m-plus-rounded-1c-15-800-normal-CMsK7tNe.woff2               17.34 kB
dist/assets/zen-kaku-gothic-new-22-700-normal-BRX_XlbA.woff2             17.35 kB
dist/assets/zen-kaku-gothic-new-26-900-normal-BIMuQVAp.woff              17.35 kB
dist/assets/zen-kaku-gothic-new-21-700-normal-DuyHdX8A.woff2             17.36 kB
dist/assets/zen-kaku-gothic-new-28-900-normal-jF19gFY1.woff2             17.36 kB
dist/assets/m-plus-rounded-1c-26-800-normal-iOUQ7jcB.woff2               17.36 kB
dist/assets/zen-kaku-gothic-new-36-900-normal-Cqp8sKCf.woff              17.36 kB
dist/assets/m-plus-rounded-1c-21-700-normal-Cfa4zZaP.woff2               17.37 kB
dist/assets/zen-kaku-gothic-new-35-900-normal-CwboR94S.woff2             17.38 kB
dist/assets/m-plus-rounded-1c-36-700-normal-CgOlKL4_.woff                17.40 kB
dist/assets/zen-kaku-gothic-new-119-900-normal-DN998kn4.woff2            17.40 kB
dist/assets/m-plus-rounded-1c-34-700-normal-CE8NNCue.woff2               17.41 kB
dist/assets/m-plus-rounded-1c-77-800-normal-CFDRVc3I.woff                17.41 kB
dist/assets/zen-kaku-gothic-new-35-500-normal-NKeNm87A.woff2             17.42 kB
dist/assets/klee-one-104-600-normal-FCKyA3bt.woff2                       17.43 kB
dist/assets/m-plus-rounded-1c-73-700-normal-DP9nMCim.woff                17.43 kB
dist/assets/zen-kaku-gothic-new-21-400-normal-YKDUOdGU.woff2             17.43 kB
dist/assets/zen-kaku-gothic-new-49-500-normal-BqwmuuRE.woff              17.43 kB
dist/assets/m-plus-rounded-1c-25-800-normal-C2_8WWuw.woff                17.44 kB
dist/assets/m-plus-rounded-1c-79-800-normal-DZUxlaKV.woff                17.44 kB
dist/assets/m-plus-rounded-1c-25-700-normal-dOrYFBaS.woff                17.45 kB
dist/assets/zen-kaku-gothic-new-21-500-normal-BOdPB5MU.woff2             17.45 kB
dist/assets/klee-one-93-600-normal-BBcHQyje.woff2                        17.45 kB
dist/assets/m-plus-rounded-1c-43-700-normal-DH_1ZcLC.woff                17.46 kB
dist/assets/m-plus-rounded-1c-18-700-normal-DVP-IE2W.woff                17.48 kB
dist/assets/zen-kaku-gothic-new-49-700-normal-DF8L9sGL.woff              17.48 kB
dist/assets/klee-one-102-600-normal-DoR6dLkf.woff2                       17.49 kB
dist/assets/klee-one-86-600-normal-B-SCWE8q.woff2                        17.49 kB
dist/assets/m-plus-rounded-1c-118-800-normal-BJ8WMwi2.woff               17.49 kB
dist/assets/zen-kaku-gothic-new-47-500-normal-BAX5pvu6.woff              17.49 kB
dist/assets/m-plus-rounded-1c-34-800-normal-Bd3gum0t.woff2               17.50 kB
dist/assets/zen-kaku-gothic-new-36-500-normal-kMB6w1DR.woff              17.50 kB
dist/assets/zen-kaku-gothic-new-36-400-normal-CYkfZjrt.woff              17.51 kB
dist/assets/zen-kaku-gothic-new-49-400-normal-DSlAnxL-.woff              17.51 kB
dist/assets/m-plus-rounded-1c-99-800-normal-CzQKbWTG.woff                17.51 kB
dist/assets/klee-one-85-600-normal-C7uDaN5y.woff2                        17.52 kB
dist/assets/zen-kaku-gothic-new-9-700-normal-C8507gkq.woff2              17.52 kB
dist/assets/zen-kaku-gothic-new-47-700-normal-er1-S2_I.woff              17.53 kB
dist/assets/m-plus-rounded-1c-78-700-normal-DR4IvbUB.woff                17.54 kB
dist/assets/klee-one-88-600-normal-DdYIct2v.woff2                        17.55 kB
dist/assets/m-plus-rounded-1c-118-700-normal-BUncaqL0.woff               17.56 kB
dist/assets/zen-kaku-gothic-new-28-500-normal-Dm2L6UxT.woff2             17.57 kB
dist/assets/zen-kaku-gothic-new-26-700-normal-BSj1wO8S.woff              17.58 kB
dist/assets/zen-kaku-gothic-new-28-400-normal-CjHGSCTr.woff2             17.58 kB
dist/assets/zen-kaku-gothic-new-9-400-normal-D-tJAVi6.woff2              17.58 kB
dist/assets/zen-kaku-gothic-new-28-700-normal-BfcdHdBm.woff2             17.61 kB
dist/assets/klee-one-116-600-normal-DwneaoSh.woff                        17.62 kB
dist/assets/m-plus-rounded-1c-30-700-normal-CxYgiyR4.woff2               17.62 kB
dist/assets/zen-kaku-gothic-new-47-400-normal-B_Ezy-nH.woff              17.62 kB
dist/assets/klee-one-98-600-normal-CDoxhRdt.woff2                        17.62 kB
dist/assets/zen-kaku-gothic-new-29-900-normal-DWoYNLPB.woff              17.64 kB
dist/assets/zen-kaku-gothic-new-26-500-normal-CSy9tXlJ.woff              17.64 kB
dist/assets/m-plus-rounded-1c-17-500-normal-TzpuNkor.woff                17.66 kB
dist/assets/zen-kaku-gothic-new-26-400-normal-DwOtAHme.woff              17.67 kB
dist/assets/m-plus-rounded-1c-43-800-normal-tUdaZPnJ.woff                17.67 kB
dist/assets/m-plus-rounded-1c-10-700-normal-CmB1ud48.woff2               17.68 kB
dist/assets/zen-kaku-gothic-new-36-700-normal-Bdtga6Ng.woff              17.69 kB
dist/assets/m-plus-rounded-1c-18-800-normal-DT6YdfJW.woff                17.69 kB
dist/assets/m-plus-rounded-1c-61-500-normal-dDQI1Hfl.woff                17.70 kB
dist/assets/m-plus-rounded-1c-78-800-normal-DH3iTvYk.woff                17.70 kB
dist/assets/m-plus-rounded-1c-73-800-normal-BRmDN1yq.woff                17.70 kB
dist/assets/m-plus-rounded-1c-21-800-normal-CKIcz8Il.woff2               17.72 kB
dist/assets/m-plus-rounded-1c-10-800-normal-CFz3gv_8.woff2               17.75 kB
dist/assets/zen-kaku-gothic-new-35-700-normal-Bpg13llq.woff2             17.76 kB
dist/assets/zen-kaku-gothic-new-43-700-normal-ca2VuPpG.woff              17.76 kB
dist/assets/m-plus-rounded-1c-119-500-normal-D4v6CziI.woff2              17.77 kB
dist/assets/m-plus-rounded-1c-68-500-normal-DYek_E1D.woff                17.78 kB
dist/assets/m-plus-rounded-1c-36-800-normal-BbcNbMG4.woff                17.78 kB
dist/assets/zen-kaku-gothic-new-32-900-normal-V2CajQWK.woff2             17.79 kB
dist/assets/klee-one-113-600-normal-uj8eZfuq.woff                        17.79 kB
dist/assets/m-plus-rounded-1c-41-700-normal-BkQGjrrt.woff2               17.79 kB
dist/assets/klee-one-58-600-normal-CeMC0e4r.woff2                        17.83 kB
dist/assets/m-plus-rounded-1c-23-500-normal-CONSVnCu.woff2               17.84 kB
dist/assets/zen-kaku-gothic-new-29-700-normal-DJy1MI8h.woff              17.84 kB
dist/assets/zen-kaku-gothic-new-37-500-normal-T5g4oMAb.woff2             17.84 kB
dist/assets/klee-one-115-600-normal-CCyxuk5z.woff                        17.85 kB
dist/assets/m-plus-rounded-1c-30-800-normal-DA1O5XfW.woff2               17.85 kB
dist/assets/zen-kaku-gothic-new-37-400-normal-BQaPMFf7.woff2             17.88 kB
dist/assets/m-plus-rounded-1c-39-700-normal-Dui0jnkR.woff2               17.89 kB
dist/assets/zen-kaku-gothic-new-43-500-normal-WJLXR095.woff              17.89 kB
dist/assets/zen-kaku-gothic-new-37-700-normal-DUeFvDPO.woff2             17.90 kB
dist/assets/zen-kaku-gothic-new-37-900-normal-DK_LBGHj.woff2             17.90 kB
dist/assets/klee-one-76-600-normal-CejpKL6n.woff2                        17.90 kB
dist/assets/zen-kaku-gothic-new-8-900-normal-CRUus0Ek.woff2              17.92 kB
dist/assets/m-plus-rounded-1c-39-800-normal-4TSfJTnJ.woff2               17.93 kB
dist/assets/m-plus-rounded-1c-72-500-normal-DD2uSWEY.woff                17.95 kB
dist/assets/zen-kaku-gothic-new-43-400-normal-aryLtZk0.woff              17.96 kB
dist/assets/zen-kaku-gothic-new-20-400-normal-BSyURTGv.woff              17.97 kB
dist/assets/zen-kaku-gothic-new-29-400-normal-CP9akcau.woff              17.99 kB
dist/assets/zen-kaku-gothic-new-29-500-normal-TW4Sas-8.woff              18.00 kB
dist/assets/zen-kaku-gothic-new-119-700-normal-U2WIzSeU.woff2            18.00 kB
dist/assets/m-plus-rounded-1c-41-800-normal-CLQwuqO_.woff2               18.01 kB
dist/assets/m-plus-rounded-1c-61-700-normal-CTaWoMCX.woff                18.01 kB
dist/assets/m-plus-rounded-1c-38-500-normal-BoqIXsYM.woff                18.05 kB
dist/assets/klee-one-96-600-normal-B6dQ8RaB.woff2                        18.06 kB
dist/assets/klee-one-63-600-normal-De82M0zX.woff2                        18.07 kB
dist/assets/klee-one-89-600-normal-Di1mwlBx.woff2                        18.08 kB
dist/assets/klee-one-81-600-normal-C-E2NURT.woff2                        18.09 kB
dist/assets/zen-kaku-gothic-new-20-700-normal-envONoAF.woff              18.09 kB
dist/assets/klee-one-74-600-normal-BzEBOgId.woff2                        18.10 kB
dist/assets/m-plus-rounded-1c-60-500-normal-C3LGnQ20.woff                18.10 kB
dist/assets/zen-kaku-gothic-new-17-900-normal-ArqHi5R0.woff2             18.10 kB
dist/assets/zen-kaku-gothic-new-20-500-normal-Boj3DGxL.woff              18.12 kB
dist/assets/zen-kaku-gothic-new-20-900-normal-BMTU_89M.woff              18.12 kB
dist/assets/zen-kaku-gothic-new-32-400-normal-BbSj7uxb.woff2             18.14 kB
dist/assets/zen-kaku-gothic-new-32-500-normal-D-i1Feb3.woff2             18.16 kB
dist/assets/klee-one-105-600-normal-hAdNtH2D.woff2                       18.17 kB
dist/assets/zen-kaku-gothic-new-8-400-normal-CnDaPYQL.woff2              18.19 kB
dist/assets/m-plus-rounded-1c-37-500-normal-BRb-hCBJ.woff                18.19 kB
dist/assets/klee-one-108-600-normal-Cs33cm77.woff2                       18.20 kB
dist/assets/klee-one-103-600-normal-DuXuzWj5.woff2                       18.21 kB
dist/assets/m-plus-rounded-1c-40-500-normal-kH-2Rzoy.woff                18.22 kB
dist/assets/zen-kaku-gothic-new-6-900-normal-Dp2ML_Nb.woff2              18.22 kB
dist/assets/m-plus-rounded-1c-65-500-normal-YjiM8lxN.woff                18.23 kB
dist/assets/m-plus-rounded-1c-31-700-normal-CmGuMwg-.woff                18.23 kB
dist/assets/zen-kaku-gothic-new-119-400-normal-DI1qlaeQ.woff2            18.25 kB
dist/assets/zen-kaku-gothic-new-6-400-normal-D-7DFHsb.woff2              18.25 kB
dist/assets/zen-kaku-gothic-new-32-700-normal-xA2knNRP.woff2             18.27 kB
dist/assets/m-plus-rounded-1c-68-700-normal-B9cPfSw4.woff                18.32 kB
dist/assets/zen-kaku-gothic-new-42-900-normal-DBhkwD_N.woff              18.34 kB
dist/assets/zen-kaku-gothic-new-119-500-normal-BYioqAnc.woff2            18.35 kB
dist/assets/m-plus-rounded-1c-68-800-normal-DSN4bCKi.woff                18.36 kB
dist/assets/zen-kaku-gothic-new-17-400-normal-CQ8LKVkI.woff2             18.38 kB
dist/assets/zen-kaku-gothic-new-17-500-normal-BKR4V6uX.woff2             18.40 kB
dist/assets/zen-kaku-gothic-new-48-900-normal-Dr9LuiNp.woff              18.40 kB
dist/assets/zen-kaku-gothic-new-19-400-normal-j0Z17xe4.woff2             18.41 kB
dist/assets/m-plus-rounded-1c-72-700-normal-BN7sd_L3.woff                18.41 kB
dist/assets/m-plus-rounded-1c-22-500-normal-B73y6i5C.woff                18.42 kB
dist/assets/m-plus-rounded-1c-72-800-normal-CawshlG0.woff                18.44 kB
dist/assets/m-plus-rounded-1c-61-800-normal-BjvhKHhr.woff                18.45 kB
dist/assets/klee-one-109-600-normal-BQd9ixW7.woff                        18.46 kB
dist/assets/zen-kaku-gothic-new-41-900-normal-BmXCSwVb.woff2             18.47 kB
dist/assets/klee-one-92-600-normal-D7ymIvXI.woff2                        18.50 kB
dist/assets/klee-one-80-600-normal-CYWVM-2F.woff2                        18.53 kB
dist/assets/zen-kaku-gothic-new-19-500-normal-DWGxmCLn.woff2             18.53 kB
dist/assets/zen-kaku-gothic-new-42-500-normal-D3MbQnYI.woff              18.53 kB
dist/assets/klee-one-84-600-normal-CtWXxkJl.woff2                        18.56 kB
dist/assets/zen-kaku-gothic-new-42-700-normal-BWGBW6ja.woff              18.56 kB
dist/assets/zen-kaku-gothic-new-41-500-normal-DqtdHL-0.woff2             18.56 kB
dist/assets/m-plus-rounded-1c-65-700-normal-ZAjcAjAf.woff                18.57 kB
dist/assets/zen-kaku-gothic-new-41-400-normal-Dya1gHPV.woff2             18.57 kB
dist/assets/m-plus-rounded-1c-31-800-normal-C5zVgMaZ.woff                18.59 kB
dist/assets/m-plus-rounded-1c-32-500-normal-DTGZNXqS.woff                18.59 kB
dist/assets/zen-kaku-gothic-new-8-500-normal-BWsQRRDk.woff2              18.59 kB
dist/assets/klee-one-101-600-normal-CEEOhcRK.woff                        18.60 kB
dist/assets/zen-kaku-gothic-new-17-700-normal-DTKVqn8W.woff2             18.62 kB
dist/assets/m-plus-rounded-1c-119-700-normal-CXRIwrQN.woff2              18.62 kB
dist/assets/zen-kaku-gothic-new-13-900-normal-PSaq2QKU.woff              18.62 kB
dist/assets/m-plus-rounded-1c-37-700-normal-Db-fvLq-.woff                18.63 kB
dist/assets/m-plus-rounded-1c-60-700-normal-D0Za22HB.woff                18.64 kB
dist/assets/zen-kaku-gothic-new-42-400-normal-BCKwGvL2.woff              18.66 kB
dist/assets/m-plus-rounded-1c-64-500-normal-C2mCMCaZ.woff                18.67 kB
dist/assets/zen-kaku-gothic-new-41-700-normal-CacrPKuV.woff2             18.68 kB
dist/assets/m-plus-rounded-1c-119-800-normal-qCwWtIdi.woff2              18.71 kB
dist/assets/zen-kaku-gothic-new-48-500-normal-Bz5XXpsc.woff              18.71 kB
dist/assets/zen-kaku-gothic-new-6-500-normal-Dzkngd-4.woff2              18.71 kB
dist/assets/zen-kaku-gothic-new-48-700-normal-DRt9j0ij.woff              18.72 kB
dist/assets/klee-one-91-600-normal-egvqshxQ.woff2                        18.74 kB
dist/assets/m-plus-rounded-1c-17-700-normal-reyYJFhY.woff                18.75 kB
dist/assets/zen-kaku-gothic-new-8-700-normal-BggH99fn.woff2              18.78 kB
dist/assets/m-plus-rounded-1c-35-500-normal-DXTT1eBp.woff2               18.81 kB
dist/assets/m-plus-rounded-1c-37-800-normal-D2oBFT4m.woff                18.82 kB
dist/assets/zen-kaku-gothic-new-48-400-normal-BcaOM1fA.woff              18.82 kB
dist/assets/m-plus-rounded-1c-14-500-normal-mN9xnnSD.woff                18.83 kB
dist/assets/zen-kaku-gothic-new-19-700-normal-DEZDFHcp.woff2             18.83 kB
dist/assets/m-plus-rounded-1c-17-800-normal-yqBNIuhR.woff                18.86 kB
dist/assets/m-plus-rounded-1c-65-800-normal-BvzXV6wi.woff                18.87 kB
dist/assets/zen-kaku-gothic-new-19-900-normal-DdwAtWlS.woff2             18.88 kB
dist/assets/klee-one-112-600-normal-itIlBUT9.woff                        18.89 kB
dist/assets/m-plus-rounded-1c-38-700-normal-DMD0BYRS.woff                18.93 kB
dist/assets/m-plus-rounded-1c-60-800-normal-DjLQibQS.woff                18.93 kB
dist/assets/zen-kaku-gothic-new-16-900-normal-Bp2y6GSR.woff              18.94 kB
dist/assets/klee-one-100-600-normal-Bq3_su9x.woff2                       18.94 kB
dist/assets/klee-one-66-600-normal-o_tFx8Zo.woff2                        18.96 kB
dist/assets/klee-one-94-600-normal-yPEB3nTT.woff2                        18.96 kB
dist/assets/zen-kaku-gothic-new-5-900-normal-DMnCdJMO.woff               18.98 kB
dist/assets/klee-one-90-600-normal-DKFI2Q-D.woff2                        19.00 kB
dist/assets/klee-one-87-600-normal-DIqzjwC_.woff2                        19.01 kB
dist/assets/m-plus-rounded-1c-22-700-normal-rOLke215.woff                19.01 kB
dist/assets/m-plus-rounded-1c-24-500-normal-BZr4MQVy.woff                19.02 kB
dist/assets/klee-one-83-600-normal-G7ilOngA.woff2                        19.02 kB
dist/assets/klee-one-75-600-normal-CZ2t4r5w.woff2                        19.08 kB
dist/assets/zen-kaku-gothic-new-13-400-normal-C1NyTnyG.woff              19.08 kB
dist/assets/klee-one-71-600-normal-BvzWB0TC.woff2                        19.09 kB
dist/assets/m-plus-rounded-1c-38-800-normal-DI92iFAI.woff                19.11 kB
dist/assets/zen-kaku-gothic-new-16-500-normal-3U2wy_o2.woff              19.11 kB
dist/assets/klee-one-110-600-normal-Cg_BE4aW.woff                        19.14 kB
dist/assets/klee-one-67-600-normal-BZhVMfzw.woff2                        19.16 kB
dist/assets/zen-kaku-gothic-new-25-400-normal-BNzBdlxW.woff2             19.17 kB
dist/assets/zen-kaku-gothic-new-30-400-normal-CxSCz03o.woff2             19.17 kB
dist/assets/zen-kaku-gothic-new-6-700-normal-CsBL4PN6.woff2              19.22 kB
dist/assets/zen-kaku-gothic-new-16-400-normal-jl7oyZ1E.woff              19.24 kB
dist/assets/zen-kaku-gothic-new-16-700-normal-BDFYQ1K2.woff              19.24 kB
dist/assets/zen-kaku-gothic-new-44-900-normal-ByaVVTpY.woff              19.24 kB
dist/assets/klee-one-62-600-normal-Dll5tNBz.woff2                        19.24 kB
dist/assets/zen-kaku-gothic-new-5-500-normal-fDz3aW7Q.woff               19.25 kB
dist/assets/klee-one-79-600-normal-eMmyDY7y.woff2                        19.26 kB
dist/assets/klee-one-95-600-normal-dcyGDj2i.woff                         19.26 kB
dist/assets/zen-kaku-gothic-new-13-700-normal-jibUWEhx.woff              19.26 kB
dist/assets/zen-kaku-gothic-new-10-900-normal-CzVxPIAc.woff2             19.27 kB
dist/assets/zen-kaku-gothic-new-5-700-normal-BaHhalFm.woff               19.27 kB
dist/assets/zen-kaku-gothic-new-13-500-normal-9FYTBLE2.woff              19.28 kB
dist/assets/zen-kaku-gothic-new-30-900-normal-DmWUG100.woff2             19.28 kB
dist/assets/zen-kaku-gothic-new-30-500-normal-DggkbxfS.woff2             19.32 kB
dist/assets/m-plus-rounded-1c-40-700-normal-BJLbtkc4.woff                19.32 kB
dist/assets/m-plus-rounded-1c-22-800-normal-Ca--jW3w.woff                19.36 kB
dist/assets/klee-one-97-600-normal-DAHM7QWb.woff                         19.36 kB
dist/assets/klee-one-106-600-normal-CvF7_Q0K.woff2                       19.38 kB
dist/assets/m-plus-rounded-1c-40-800-normal-B88NnDRs.woff                19.39 kB
dist/assets/zen-kaku-gothic-new-5-400-normal-Bhpe-FO3.woff               19.40 kB
dist/assets/zen-kaku-gothic-new-30-700-normal-C7PcQKf6.woff2             19.41 kB
dist/assets/m-plus-rounded-1c-64-700-normal-fIpYCmh8.woff                19.42 kB
dist/assets/zen-kaku-gothic-new-25-900-normal-BGVzibNC.woff2             19.42 kB
dist/assets/zen-kaku-gothic-new-11-500-normal-Bpf3NC_S.woff2             19.43 kB
dist/assets/zen-kaku-gothic-new-12-500-normal-BeXJ2QEH.woff              19.43 kB
dist/assets/klee-one-82-600-normal-Bn-f089E.woff2                        19.49 kB
dist/assets/zen-kaku-gothic-new-44-700-normal-FlBT7SHr.woff              19.49 kB
dist/assets/zen-kaku-gothic-new-15-900-normal-ClyH_gvV.woff2             19.50 kB
dist/assets/klee-one-107-600-normal-BVQY8nyX.woff                        19.51 kB
dist/assets/zen-kaku-gothic-new-10-400-normal-BMeEks_E.woff2             19.53 kB
dist/assets/m-plus-rounded-1c-15-500-normal-xpnC1DOn.woff                19.54 kB
dist/assets/klee-one-111-600-normal-UwgkZqlz.woff                        19.54 kB
dist/assets/zen-kaku-gothic-new-44-500-normal-TuYcy67w.woff              19.55 kB
dist/assets/m-plus-rounded-1c-64-800-normal-3-1DH6gi.woff                19.56 kB
dist/assets/m-plus-rounded-1c-23-700-normal-bGwDvEp7.woff2               19.58 kB
dist/assets/klee-one-70-600-normal-ElavYauR.woff2                        19.59 kB
dist/assets/zen-kaku-gothic-new-44-400-normal-C1DdCWRL.woff              19.60 kB
dist/assets/zen-kaku-gothic-new-10-500-normal-DQ6GpuCq.woff2             19.62 kB
dist/assets/zen-kaku-gothic-new-11-400-normal-ACF3Bk29.woff2             19.62 kB
dist/assets/m-plus-rounded-1c-30-500-normal-BRFSNMkC.woff                19.63 kB
dist/assets/zen-kaku-gothic-new-25-500-normal-gmPTPWYs.woff2             19.63 kB
dist/assets/klee-one-86-600-normal-dv8e5rBQ.woff                         19.66 kB
dist/assets/zen-kaku-gothic-new-31-900-normal-DbsvWeDC.woff2             19.67 kB
dist/assets/zen-kaku-gothic-new-7-900-normal-CMKypnNM.woff2              19.67 kB
dist/assets/m-plus-rounded-1c-26-500-normal-Ct68UDyr.woff                19.68 kB
dist/assets/zen-kaku-gothic-new-34-900-normal-BDG5BQYA.woff2             19.69 kB
dist/assets/klee-one-69-600-normal-WspXqD71.woff2                        19.70 kB
dist/assets/zen-kaku-gothic-new-10-700-normal-BbrfYB-B.woff2             19.70 kB
dist/assets/klee-one-77-600-normal-Dtd413NF.woff2                        19.72 kB
dist/assets/m-plus-rounded-1c-34-500-normal-D_8uuuvX.woff                19.72 kB
dist/assets/zen-kaku-gothic-new-18-900-normal-D8lx1Fl8.woff              19.73 kB
dist/assets/klee-one-102-600-normal-zvfLWf4g.woff                        19.74 kB
dist/assets/m-plus-rounded-1c-23-800-normal-CaZLQol9.woff2               19.76 kB
dist/assets/m-plus-rounded-1c-14-700-normal-Bw_EaGxz.woff                19.77 kB
dist/assets/zen-kaku-gothic-new-11-900-normal-Dp_Vlc32.woff2             19.81 kB
dist/assets/zen-kaku-gothic-new-40-900-normal-CJllXLsV.woff              19.82 kB
dist/assets/klee-one-104-600-normal-DtJJB7IG.woff                        19.82 kB
dist/assets/klee-one-93-600-normal-CKQqso3-.woff                         19.84 kB
dist/assets/m-plus-rounded-1c-14-800-normal-pB3TZN8b.woff                19.85 kB
dist/assets/zen-kaku-gothic-new-14-900-normal-ClXcMZp2.woff              19.86 kB
dist/assets/zen-kaku-gothic-new-34-400-normal-DnXCInLf.woff2             19.87 kB
dist/assets/m-plus-rounded-1c-21-500-normal-CrfkxMuA.woff                19.87 kB
dist/assets/zen-kaku-gothic-new-34-500-normal-Cnd0ACt2.woff2             19.90 kB
dist/assets/m-plus-rounded-1c-15-700-normal-zs-l11Re.woff                19.94 kB
dist/assets/klee-one-98-600-normal-5yZzmDCQ.woff                         19.95 kB
dist/assets/m-plus-rounded-1c-10-500-normal-BFR0RiVs.woff                19.95 kB
dist/assets/m-plus-rounded-1c-39-500-normal-KQ-ngyWg.woff                19.96 kB
dist/assets/zen-kaku-gothic-new-31-400-normal-Teietro7.woff2             19.98 kB
dist/assets/klee-one-85-600-normal-CHWxbFis.woff                         19.99 kB
dist/assets/klee-one-88-600-normal-qcJVtH5i.woff                         20.00 kB
dist/assets/zen-kaku-gothic-new-25-700-normal-C_hM7Cv-.woff2             20.00 kB
dist/assets/zen-kaku-gothic-new-31-500-normal-YJIXaoHh.woff2             20.00 kB
dist/assets/m-plus-rounded-1c-24-700-normal-C-ZJfG-F.woff                20.02 kB
dist/assets/zen-kaku-gothic-new-12-900-normal-CP5zdKDG.woff              20.02 kB
dist/assets/zen-kaku-gothic-new-15-500-normal-C9YIK0en.woff2             20.03 kB
dist/assets/zen-kaku-gothic-new-15-700-normal-Q9aLLVZA.woff2             20.04 kB
dist/assets/zen-kaku-gothic-new-34-700-normal-B2K8hfLH.woff2             20.04 kB
dist/assets/zen-kaku-gothic-new-15-400-normal-iH3N3LAt.woff2             20.09 kB
dist/assets/m-plus-rounded-1c-32-700-normal-kk8qKi0K.woff                20.10 kB
dist/assets/m-plus-rounded-1c-35-700-normal-C1uSqeG4.woff2               20.11 kB
dist/assets/zen-kaku-gothic-new-18-700-normal-laKw4hzC.woff              20.11 kB
dist/assets/zen-kaku-gothic-new-18-400-normal-CzAESw-S.woff              20.13 kB
dist/assets/klee-one-61-600-normal-Dh3ileHg.woff2                        20.13 kB
dist/assets/zen-kaku-gothic-new-24-400-normal-BK5lZB7d.woff2             20.13 kB
dist/assets/zen-kaku-gothic-new-18-500-normal-C2pQA8h7.woff              20.15 kB
dist/assets/klee-one-76-600-normal-BMCijRR5.woff                         20.16 kB
dist/assets/m-plus-rounded-1c-26-700-normal-DdYzvwy1.woff                20.16 kB
dist/assets/m-plus-rounded-1c-15-800-normal-B0cwg8yJ.woff                20.19 kB
dist/assets/m-plus-rounded-1c-35-800-normal-BErCt964.woff2               20.21 kB
dist/assets/zen-kaku-gothic-new-12-400-normal-Cnmy9zh8.woff              20.21 kB
dist/assets/m-plus-rounded-1c-24-800-normal-CIpqBaKF.woff                20.22 kB
dist/assets/klee-one-99-600-normal-DdUDe95H.woff2                        20.23 kB
dist/assets/zen-kaku-gothic-new-39-900-normal-DDejQbsZ.woff2             20.26 kB
dist/assets/m-plus-rounded-1c-34-700-normal-CAXuy8if.woff                20.29 kB
dist/assets/zen-kaku-gothic-new-9-900-normal-D6ZHhFrZ.woff               20.29 kB
dist/assets/klee-one-63-600-normal-C-oCi1-Q.woff                         20.30 kB
dist/assets/zen-kaku-gothic-new-31-700-normal-ClEA1dqa.woff2             20.30 kB
dist/assets/m-plus-rounded-1c-21-700-normal-B1cEkYZ2.woff                20.31 kB
dist/assets/m-plus-rounded-1c-41-500-normal-KdPNydFg.woff                20.34 kB
dist/assets/zen-kaku-gothic-new-7-400-normal-55LnOxHL.woff2              20.34 kB
dist/assets/klee-one-78-600-normal-DmdPz48B.woff2                        20.35 kB
dist/assets/zen-kaku-gothic-new-21-900-normal-D6dX7NC4.woff              20.39 kB
dist/assets/klee-one-74-600-normal-CSTCTDg3.woff                         20.40 kB
dist/assets/m-plus-rounded-1c-32-800-normal-DkjjDWYg.woff                20.41 kB
dist/assets/m-plus-rounded-1c-34-800-normal-DwtlJE5G.woff                20.42 kB
dist/assets/m-plus-rounded-1c-26-800-normal-CFIM_UQC.woff                20.45 kB
dist/assets/klee-one-89-600-normal-DpIyMCwd.woff                         20.46 kB
dist/assets/zen-kaku-gothic-new-14-500-normal-B6B6O0z1.woff              20.46 kB
dist/assets/zen-kaku-gothic-new-24-900-normal-DgJG2hAt.woff2             20.46 kB
dist/assets/zen-kaku-gothic-new-11-700-normal-CrrRAyXp.woff2             20.47 kB
dist/assets/zen-kaku-gothic-new-14-700-normal-By_8PU-8.woff              20.48 kB
dist/assets/klee-one-96-600-normal-nUM8NZHh.woff                         20.49 kB
dist/assets/zen-kaku-gothic-new-7-500-normal-DW82qDlD.woff2              20.50 kB
dist/assets/zen-kaku-gothic-new-14-400-normal-CI2PsTYK.woff              20.52 kB
dist/assets/zen-kaku-gothic-new-22-900-normal-Cy7dtquc.woff              20.54 kB
dist/assets/zen-kaku-gothic-new-28-900-normal-BSN3adnR.woff              20.54 kB
dist/assets/zen-kaku-gothic-new-39-500-normal-D_Y4HQRA.woff2             20.56 kB
dist/assets/klee-one-108-600-normal-B-VGMcFS.woff                        20.61 kB
dist/assets/klee-one-81-600-normal-HmcNs8J1.woff                         20.62 kB
dist/assets/zen-kaku-gothic-new-24-500-normal-Dk1BgFSL.woff2             20.62 kB
dist/assets/klee-one-105-600-normal-eB3MFRGb.woff                        20.66 kB
dist/assets/zen-kaku-gothic-new-12-700-normal-D2TVJAvN.woff              20.66 kB
dist/assets/zen-kaku-gothic-new-39-700-normal-BOMKY18b.woff2             20.67 kB
dist/assets/klee-one-58-600-normal-tw_QFt6-.woff                         20.68 kB
dist/assets/m-plus-rounded-1c-30-700-normal-BzwORxR6.woff                20.68 kB
dist/assets/m-plus-rounded-1c-21-800-normal-Dm28tBeK.woff                20.70 kB
dist/assets/zen-kaku-gothic-new-40-400-normal-BkZ9NhG7.woff              20.71 kB
dist/assets/zen-kaku-gothic-new-21-700-normal-gMN61a_X.woff              20.71 kB
dist/assets/zen-kaku-gothic-new-9-700-normal-iNRfQ8zf.woff               20.72 kB
dist/assets/klee-one-73-600-normal-DS6fm9cI.woff2                        20.72 kB
dist/assets/klee-one-103-600-normal-1Vtj-t59.woff                        20.73 kB
dist/assets/zen-kaku-gothic-new-22-500-normal-eI1m6KFU.woff              20.73 kB
dist/assets/zen-kaku-gothic-new-9-500-normal-ftdqwNJY.woff               20.73 kB
dist/assets/zen-kaku-gothic-new-39-400-normal-MCH9YALY.woff2             20.75 kB
dist/assets/zen-kaku-gothic-new-22-700-normal-BuyVC4sN.woff              20.77 kB
dist/assets/zen-kaku-gothic-new-35-400-normal-ChEwXK_l.woff              20.77 kB
dist/assets/klee-one-80-600-normal-CN7cPWqs.woff                         20.80 kB
dist/assets/m-plus-rounded-1c-39-800-normal-C096vRYE.woff                20.82 kB
dist/assets/zen-kaku-gothic-new-40-700-normal-zPxHZo65.woff              20.82 kB
dist/assets/zen-kaku-gothic-new-35-900-normal-DVSddEic.woff              20.84 kB
dist/assets/zen-kaku-gothic-new-40-500-normal-ZwrTPSpp.woff              20.84 kB
dist/assets/zen-kaku-gothic-new-7-700-normal-DejCepDS.woff2              20.85 kB
dist/assets/klee-one-68-600-normal-PkyGfrRG.woff2                        20.86 kB
dist/assets/zen-kaku-gothic-new-22-400-normal-BzBZeL4p.woff              20.86 kB
dist/assets/klee-one-84-600-normal-GlIvl4Hh.woff                         20.86 kB
dist/assets/m-plus-rounded-1c-10-700-normal-CH_5xhKt.woff                20.86 kB
dist/assets/m-plus-rounded-1c-10-800-normal-C3NDod1Q.woff                20.88 kB
dist/assets/klee-one-92-600-normal-CSv8Z7lq.woff                         20.93 kB
dist/assets/zen-kaku-gothic-new-21-500-normal-BOV8VG12.woff              20.94 kB
dist/assets/zen-kaku-gothic-new-24-700-normal-CM-wYlKp.woff2             20.94 kB
dist/assets/m-plus-rounded-1c-41-700-normal-CaDc19YB.woff                20.94 kB
dist/assets/m-plus-rounded-1c-39-700-normal-hjqwdL13.woff                21.00 kB
dist/assets/zen-kaku-gothic-new-28-700-normal-DWlqs7-5.woff              21.02 kB
dist/assets/zen-kaku-gothic-new-9-400-normal-DkXBZw-o.woff               21.03 kB
dist/assets/zen-kaku-gothic-new-28-500-normal-CsMoUf5t.woff              21.07 kB
dist/assets/m-plus-rounded-1c-41-800-normal-BtaGdNmd.woff                21.10 kB
dist/assets/m-plus-rounded-1c-30-800-normal-bbWfJXNd.woff                21.10 kB
dist/assets/klee-one-91-600-normal-DfowMHv3.woff                         21.17 kB
dist/assets/m-plus-rounded-1c-23-500-normal-B7vo72s1.woff                21.18 kB
dist/assets/zen-kaku-gothic-new-21-400-normal-D6OviJoP.woff              21.20 kB
dist/assets/zen-kaku-gothic-new-35-500-normal-DI7o71NT.woff              21.26 kB
dist/assets/klee-one-90-600-normal-BCJo3Pio.woff                         21.28 kB
dist/assets/klee-one-60-600-normal-DiOfQRag.woff2                        21.32 kB
dist/assets/klee-one-72-600-normal-2j4orTc8.woff2                        21.33 kB
dist/assets/zen-kaku-gothic-new-37-900-normal-CTLMixYD.woff              21.33 kB
dist/assets/zen-kaku-gothic-new-35-700-normal-BzJvW2Dk.woff              21.34 kB
dist/assets/klee-one-94-600-normal-rsYP3JC_.woff                         21.36 kB
dist/assets/klee-one-100-600-normal-BQea1YU4.woff                        21.36 kB
dist/assets/klee-one-66-600-normal-Bahrreey.woff                         21.36 kB
dist/assets/klee-one-87-600-normal-B1CuILoA.woff                         21.40 kB
dist/assets/klee-one-75-600-normal-CgXYl-Z1.woff                         21.41 kB
dist/assets/zen-kaku-gothic-new-28-400-normal-CnXA3Oub.woff              21.44 kB
dist/assets/zen-kaku-gothic-new-32-900-normal-Ea-ffy9x.woff              21.46 kB
dist/assets/zen-kaku-gothic-new-37-700-normal-qjiQ4sEQ.woff              21.46 kB
dist/assets/zen-kaku-gothic-new-8-900-normal-CDpxaE2T.woff               21.47 kB
dist/assets/zen-kaku-gothic-new-37-500-normal-nprGeJUG.woff              21.50 kB
dist/assets/klee-one-83-600-normal-1OhBLvmJ.woff                         21.52 kB
dist/assets/zen-kaku-gothic-new-17-900-normal-CxqkYyIS.woff              21.58 kB
dist/assets/klee-one-71-600-normal-9jb5kguh.woff                         21.60 kB
dist/assets/zen-kaku-gothic-new-119-900-normal-FNCc915c.woff             21.61 kB
dist/assets/klee-one-67-600-normal-BHgiSxvv.woff                         21.64 kB
dist/assets/zen-kaku-gothic-new-37-400-normal-D4QngYbZ.woff              21.69 kB
dist/assets/klee-one-62-600-normal-Dow6c_0r.woff                         21.74 kB
dist/assets/klee-one-65-600-normal-CXLzay9F.woff2                        21.76 kB
dist/assets/zen-kaku-gothic-new-8-400-normal-BAePnvkf.woff               21.84 kB
dist/assets/klee-one-79-600-normal-D7-0AZaF.woff                         21.86 kB
dist/assets/klee-one-70-600-normal-f95W7RPL.woff                         21.90 kB
dist/assets/zen-kaku-gothic-new-41-900-normal-Dqkk4F3r.woff              21.93 kB
dist/assets/zen-kaku-gothic-new-6-900-normal-CK1vSfcv.woff               21.94 kB
dist/assets/klee-one-106-600-normal-BPqbx4Vu.woff                        21.98 kB
dist/assets/klee-one-82-600-normal-Bv598gkT.woff                         22.01 kB
dist/assets/klee-one-64-600-normal-b6j8nYct.woff2                        22.04 kB
dist/assets/m-plus-rounded-1c-latin-500-normal-D4L1U0OF.woff2            22.04 kB
dist/assets/zen-kaku-gothic-new-32-400-normal-BY-2v_Rw.woff              22.09 kB
dist/assets/zen-kaku-gothic-new-32-700-normal-C8sp3K3a.woff              22.14 kB
dist/assets/klee-one-77-600-normal-CMNcARE3.woff                         22.14 kB
dist/assets/klee-one-69-600-normal-T0DEJzfP.woff                         22.16 kB
dist/assets/zen-kaku-gothic-new-32-500-normal-LPhY_Fx1.woff              22.21 kB
dist/assets/zen-kaku-gothic-new-41-500-normal-B-v97_mZ.woff              22.23 kB
dist/assets/zen-kaku-gothic-new-19-400-normal-DyPTHOhK.woff              22.26 kB
dist/assets/zen-kaku-gothic-new-17-700-normal-c-b-rV6p.woff              22.27 kB
dist/assets/zen-kaku-gothic-new-17-500-normal-DZ5hNQv4.woff              22.28 kB
dist/assets/zen-kaku-gothic-new-19-900-normal-B-bOSIU6.woff              22.28 kB
dist/assets/klee-one-56-600-normal-Dlgvyqme.woff2                        22.29 kB
dist/assets/zen-kaku-gothic-new-17-400-normal-B0gMNXCM.woff              22.29 kB
dist/assets/zen-kaku-gothic-new-6-400-normal-d8NgAG6-.woff               22.30 kB
dist/assets/zen-kaku-gothic-new-41-700-normal-DaLrLIRQ.woff              22.32 kB
dist/assets/zen-kaku-gothic-new-8-700-normal-DdzUI6HT.woff               22.32 kB
dist/assets/zen-kaku-gothic-new-19-500-normal-dWUgmgp_.woff              22.34 kB
dist/assets/zen-kaku-gothic-new-8-500-normal-k4zGTKiV.woff               22.36 kB
dist/assets/zen-kaku-gothic-new-19-700-normal-muNTVvdM.woff              22.41 kB
dist/assets/zen-kaku-gothic-new-119-700-normal-FgqF3xGK.woff             22.53 kB
dist/assets/zen-kaku-gothic-new-41-400-normal-DhXeZvrn.woff              22.54 kB
dist/assets/klee-one-53-600-normal-Cd-OXY8k.woff2                        22.58 kB
dist/assets/m-plus-rounded-1c-latin-800-normal-941enk6N.woff2            22.62 kB
dist/assets/zen-kaku-gothic-new-119-400-normal-eRVj5NMb.woff             22.67 kB
dist/assets/m-plus-rounded-1c-35-500-normal-CltY1zj0.woff                22.70 kB
dist/assets/m-plus-rounded-1c-latin-700-normal-BYs1YzuX.woff2            22.70 kB
dist/assets/klee-one-61-600-normal-BwDEmT87.woff                         22.71 kB
dist/assets/klee-one-78-600-normal-t_Kl755b.woff                         22.73 kB
dist/assets/zen-kaku-gothic-new-6-500-normal-X9U3G_In.woff               22.73 kB
dist/assets/klee-one-99-600-normal-gMDMHBou.woff                         22.82 kB
dist/assets/zen-kaku-gothic-new-119-500-normal-DGFQ0G0O.woff             22.83 kB
dist/assets/zen-kaku-gothic-new-23-900-normal-DV-GagzJ.woff2             22.87 kB
dist/assets/zen-kaku-gothic-new-30-900-normal-Ct-AIn4b.woff              22.89 kB
dist/assets/zen-kaku-gothic-new-10-900-normal-BNifiUhK.woff              23.04 kB
dist/assets/zen-kaku-gothic-new-6-700-normal-9DcRMsH8.woff               23.08 kB
dist/assets/zen-kaku-gothic-new-15-900-normal-m39Qu1t7.woff              23.10 kB
dist/assets/m-plus-rounded-1c-23-700-normal-Ci63xdDF.woff                23.14 kB
dist/assets/zen-kaku-gothic-new-30-500-normal-hH4I9jsu.woff              23.18 kB
dist/assets/zen-kaku-gothic-new-30-700-normal-Cl3Ik1Dn.woff              23.20 kB
dist/assets/zen-kaku-gothic-new-30-400-normal-DFsc6rGM.woff              23.21 kB
dist/assets/klee-one-73-600-normal-RZDDHv_d.woff                         23.29 kB
dist/assets/zen-kaku-gothic-new-34-900-normal-Cn-5SxYT.woff              23.30 kB
dist/assets/zen-kaku-gothic-new-25-900-normal-DVIeof48.woff              23.31 kB
dist/assets/zen-kaku-gothic-new-25-400-normal-BuKp1VDa.woff              23.42 kB
dist/assets/m-plus-rounded-1c-23-800-normal-aUZDo7ol.woff                23.42 kB
dist/assets/zen-kaku-gothic-new-11-500-normal-sAsrtvKB.woff              23.46 kB
dist/assets/klee-one-68-600-normal-F4bQQsv6.woff                         23.47 kB
dist/assets/zen-kaku-gothic-new-31-900-normal-CVseA-lX.woff              23.53 kB
dist/assets/zen-kaku-gothic-new-23-400-normal-C8LPOreD.woff2             23.56 kB
dist/assets/klee-one-50-600-normal-D86_icdc.woff2                        23.57 kB
dist/assets/zen-kaku-gothic-new-11-900-normal-WVskRzzq.woff              23.58 kB
dist/assets/zen-kaku-gothic-new-7-900-normal-Cekpn3GE.woff               23.60 kB
dist/assets/zen-kaku-gothic-new-23-500-normal-c84D9HUi.woff2             23.62 kB
dist/assets/zen-kaku-gothic-new-10-500-normal-BfUTfL9B.woff              23.63 kB
dist/assets/zen-kaku-gothic-new-10-700-normal-DGdn8_Y9.woff              23.64 kB
dist/assets/zen-kaku-gothic-new-10-400-normal-C8NP5Yif.woff              23.67 kB
dist/assets/zen-kaku-gothic-new-11-400-normal-6x6vr1ub.woff              23.71 kB
dist/assets/zen-kaku-gothic-new-15-700-normal-CSTquJSU.woff              23.73 kB
dist/assets/zen-kaku-gothic-new-34-700-normal-DW4dZt2Q.woff              23.74 kB
dist/assets/zen-kaku-gothic-new-25-500-normal-gkghzOm8.woff              23.75 kB
dist/assets/m-plus-rounded-1c-35-700-normal-SmOcFqcV.woff                23.77 kB
dist/assets/zen-kaku-gothic-new-34-500-normal-Cedf2Htb.woff              23.87 kB
dist/assets/klee-one-72-600-normal-CQ30gEVD.woff                         23.90 kB
dist/assets/zen-kaku-gothic-new-15-500-normal-BbHX2MWs.woff              23.91 kB
dist/assets/zen-kaku-gothic-new-23-700-normal-CjChwT4a.woff2             23.91 kB
dist/assets/zen-kaku-gothic-new-39-900-normal-C3_9Cfjj.woff              23.96 kB
dist/assets/m-plus-rounded-1c-35-800-normal-lzrkUlkM.woff                23.97 kB
dist/assets/zen-kaku-gothic-new-34-400-normal-CNVzpNO5.woff              23.98 kB
dist/assets/klee-one-60-600-normal-Buc1xs6B.woff                         24.02 kB
dist/assets/m-plus-rounded-1c-119-500-normal-BLTA8K_m.woff               24.04 kB
dist/assets/zen-kaku-gothic-new-15-400-normal-BnsKfvtP.woff              24.05 kB
dist/assets/zen-kaku-gothic-new-25-700-normal-DC4eWZjV.woff              24.10 kB
dist/assets/zen-kaku-gothic-new-31-400-normal-Du5C3QZy.woff              24.24 kB
dist/assets/zen-kaku-gothic-new-31-500-normal-Do2HtApR.woff              24.24 kB
dist/assets/zen-kaku-gothic-new-31-700-normal-CQmSKhFr.woff              24.33 kB
dist/assets/zen-kaku-gothic-new-11-700-normal-Cm0PyoBo.woff              24.47 kB
dist/assets/zen-kaku-gothic-new-24-900-normal-DXnuotOP.woff              24.48 kB
dist/assets/klee-one-65-600-normal-DUuQ92nR.woff                         24.50 kB
dist/assets/zen-kaku-gothic-new-24-400-normal-DzNZr032.woff              24.54 kB
dist/assets/zen-kaku-gothic-new-7-400-normal-CR_IRSpL.woff               24.62 kB
dist/assets/zen-kaku-gothic-new-39-700-normal-DXpWwpnv.woff              24.63 kB
dist/assets/klee-one-0-600-normal-C1PwftJ2.woff2                         24.64 kB
dist/assets/klee-one-64-600-normal-MZsfS5We.woff                         24.68 kB
dist/assets/zen-kaku-gothic-new-24-500-normal-CQZnPdP9.woff              24.71 kB
dist/assets/zen-kaku-gothic-new-7-500-normal-Bg93F7kB.woff               24.78 kB
dist/assets/zen-kaku-gothic-new-39-500-normal-DD5PSTs6.woff              24.79 kB
dist/assets/zen-kaku-gothic-new-7-700-normal-DvJ56BD6.woff               24.85 kB
dist/assets/zen-kaku-gothic-new-24-700-normal-DZWBL2na.woff              25.01 kB
dist/assets/zen-kaku-gothic-new-39-400-normal-Cp7Kw2wN.woff              25.12 kB
dist/assets/m-plus-rounded-1c-119-700-normal-BWHBtkKN.woff               25.28 kB
dist/assets/m-plus-rounded-1c-119-800-normal-CyNXHAnh.woff               25.33 kB
dist/assets/klee-one-56-600-normal-BKwyFTTp.woff                         25.38 kB
dist/assets/klee-one-53-600-normal-MVoL5OSl.woff                         25.63 kB
dist/assets/klee-one-118-600-normal-CWsKQmLL.woff2                       26.05 kB
dist/assets/klee-one-50-600-normal-C87KzMMY.woff                         27.18 kB
dist/assets/zen-kaku-gothic-new-23-900-normal-DenMTzxz.woff              27.24 kB
dist/assets/klee-one-0-600-normal-BQMJf-nO.woff                          27.76 kB
dist/assets/zen-kaku-gothic-new-23-500-normal-D95Ayn2-.woff              28.31 kB
dist/assets/zen-kaku-gothic-new-23-700-normal-DgXAOD1c.woff              28.52 kB
dist/assets/zen-kaku-gothic-new-23-400-normal-wGnqIxcm.woff              28.52 kB
dist/assets/klee-one-118-600-normal-D1h_U9jz.woff                        29.00 kB
dist/assets/klee-one-119-600-normal-BA4_2fkQ.woff2                       29.46 kB
dist/assets/m-plus-rounded-1c-55-500-normal-B4TWqwUU.woff2               30.00 kB
dist/assets/m-plus-rounded-1c-55-700-normal-C0B6GrLv.woff2               30.79 kB
dist/assets/m-plus-rounded-1c-55-800-normal-bgDv2QpM.woff2               30.89 kB
dist/assets/m-plus-rounded-1c-latin-500-normal-DMMKLVSG.woff             31.25 kB
dist/assets/klee-one-46-600-normal-VyENg7FP.woff2                        31.84 kB
dist/assets/m-plus-rounded-1c-latin-800-normal-BjGemZ0f.woff             31.96 kB
dist/assets/m-plus-rounded-1c-latin-700-normal-C6LWEueR.woff             32.15 kB
dist/assets/klee-one-47-600-normal-CDEs5OtE.woff2                        33.77 kB
dist/assets/klee-one-33-600-normal-08Sf2CBB.woff2                        34.63 kB
dist/assets/klee-one-52-600-normal-BnHqGRFa.woff2                        34.68 kB
dist/assets/klee-one-119-600-normal-BSAlo94N.woff                        35.70 kB
dist/assets/klee-one-49-600-normal-DwlQS7Ys.woff2                        35.84 kB
dist/assets/klee-one-latin-600-normal-BKBNDWcl.woff2                     36.30 kB
dist/assets/klee-one-27-600-normal-BRCwQrGA.woff2                        36.64 kB
dist/assets/m-plus-rounded-1c-latin-ext-500-normal-CGyGcroA.woff2        36.90 kB
dist/assets/m-plus-rounded-1c-latin-ext-700-normal-8QQsdmZa.woff2        37.32 kB
dist/assets/klee-one-46-600-normal-B5-5wFxh.woff                         37.33 kB
dist/assets/klee-one-3-600-normal-ct2egQa1.woff2                         37.41 kB
dist/assets/m-plus-rounded-1c-latin-ext-800-normal-C01CBpaL.woff2        37.70 kB
dist/assets/m-plus-rounded-1c-55-500-normal-Dt4_wi5Y.woff                38.56 kB
dist/assets/klee-one-36-600-normal-CZaI59jv.woff2                        38.70 kB
dist/assets/klee-one-45-600-normal-D8B2tW08.woff2                        38.96 kB
dist/assets/klee-one-20-600-normal-q1_iC82Z.woff2                        39.18 kB
dist/assets/klee-one-47-600-normal-BJiX-8pq.woff                         39.26 kB
dist/assets/m-plus-rounded-1c-55-700-normal-D95mYFH5.woff                39.49 kB
dist/assets/klee-one-40-600-normal-CFJtvjBf.woff2                        39.63 kB
dist/assets/m-plus-rounded-1c-55-800-normal-ud6FsGtI.woff                39.64 kB
dist/assets/klee-one-42-600-normal-uAUGapIK.woff2                        39.86 kB
dist/assets/klee-one-48-600-normal-jiNlT0X_.woff2                        39.94 kB
dist/assets/klee-one-26-600-normal-CEO3rv_b.woff2                        40.41 kB
dist/assets/klee-one-33-600-normal-0kLupbdT.woff                         40.52 kB
dist/assets/klee-one-13-600-normal-D_zBiK8U.woff2                        40.56 kB
dist/assets/klee-one-18-600-normal-C_07hlEI.woff2                        41.06 kB
dist/assets/klee-one-38-600-normal-BQsAXbzJ.woff2                        41.08 kB
dist/assets/klee-one-49-600-normal-DnsRWu8G.woff                         41.58 kB
dist/assets/klee-one-55-600-normal-DNrZayF5.woff2                        41.68 kB
dist/assets/klee-one-21-600-normal-CpOzikiq.woff2                        42.53 kB
dist/assets/klee-one-16-600-normal-r7kY85xp.woff2                        42.60 kB
dist/assets/klee-one-44-600-normal-FDlJL41D.woff2                        42.70 kB
dist/assets/klee-one-27-600-normal-DieHtT0T.woff                         43.06 kB
dist/assets/klee-one-14-600-normal-BjTgINVx.woff2                        43.10 kB
dist/assets/klee-one-3-600-normal-DoCPNQ-m.woff                          43.22 kB
dist/assets/klee-one-43-600-normal-CjW4zQil.woff2                        43.26 kB
dist/assets/klee-one-12-600-normal-Di4Ht1hZ.woff2                        43.79 kB
dist/assets/klee-one-32-600-normal-BzvxF_p-.woff2                        44.12 kB
dist/assets/klee-one-37-600-normal-D7iutjSX.woff2                        44.16 kB
dist/assets/klee-one-30-600-normal-BKp5U0Qz.woff2                        44.59 kB
dist/assets/klee-one-22-600-normal-Djst2ME_.woff2                        44.78 kB
dist/assets/klee-one-45-600-normal-BT5REmGI.woff                         45.07 kB
dist/assets/klee-one-36-600-normal-Cf6jl9uH.woff                         45.30 kB
dist/assets/klee-one-latin-600-normal-BN8nrcPB.woff                      45.76 kB
dist/assets/klee-one-20-600-normal-fQI1oBG5.woff                         45.96 kB
dist/assets/klee-one-48-600-normal-esL7Qwc0.woff                         46.06 kB
dist/assets/klee-one-42-600-normal-BLA_W0VC.woff                         46.64 kB
dist/assets/klee-one-40-600-normal-BC6rzvBE.woff                         46.74 kB
dist/assets/klee-one-39-600-normal-DJKd_7cA.woff2                        46.80 kB
dist/assets/klee-one-28-600-normal-C5c5dHZR.woff2                        46.83 kB
dist/assets/klee-one-5-600-normal-sgqt-8X1.woff2                         47.20 kB
dist/assets/klee-one-26-600-normal-YcFVw_3-.woff                         47.38 kB
dist/assets/klee-one-13-600-normal-D12Ov2jv.woff                         47.53 kB
dist/assets/klee-one-18-600-normal-BTGNdaYw.woff                         47.62 kB
dist/assets/klee-one-38-600-normal-fzMjvOt1.woff                         47.67 kB
dist/assets/klee-one-8-600-normal-B_Dte-8I.woff2                         47.97 kB
dist/assets/klee-one-52-600-normal-B12ob48_.woff                         48.30 kB
dist/assets/klee-one-19-600-normal-MMK7pxCt.woff2                        48.40 kB
dist/assets/klee-one-35-600-normal-DJ3gws1q.woff2                        48.49 kB
dist/assets/klee-one-55-600-normal-DfsrzAFF.woff                         48.74 kB
dist/assets/klee-one-29-600-normal-BPYG6viI.woff2                        49.06 kB
dist/assets/klee-one-25-600-normal-Ccl2FNKf.woff2                        49.12 kB
dist/assets/klee-one-21-600-normal-Dz2HO0Ch.woff                         49.35 kB
dist/assets/klee-one-44-600-normal-X8fWEOe8.woff                         49.52 kB
dist/assets/klee-one-6-600-normal-XFXdGJKb.woff2                         49.56 kB
dist/assets/klee-one-10-600-normal-B7tNXxHT.woff2                        49.94 kB
dist/assets/klee-one-43-600-normal-cYhNe1Yu.woff                         50.09 kB
dist/assets/klee-one-14-600-normal-B13nsgFK.woff                         50.14 kB
dist/assets/klee-one-41-600-normal-BxK_smTC.woff2                        50.54 kB
dist/assets/klee-one-17-600-normal-BEQUjPSd.woff2                        50.69 kB
dist/assets/klee-one-37-600-normal-BG7JCEJN.woff                         50.72 kB
dist/assets/klee-one-16-600-normal-CpR0I95D.woff                         50.89 kB
dist/assets/klee-one-7-600-normal-DM7kMQDP.woff2                         51.02 kB
dist/assets/klee-one-11-600-normal-DwbUWNz9.woff2                        51.29 kB
dist/assets/klee-one-12-600-normal-DNHIQlVT.woff                         51.75 kB
dist/assets/klee-one-32-600-normal-CvuQMlhq.woff                         51.81 kB
dist/assets/klee-one-15-600-normal-Dm_T4Z1z.woff2                        51.85 kB
dist/assets/klee-one-30-600-normal-DSTNDFXw.woff                         51.89 kB
dist/assets/klee-one-22-600-normal-B6tKwDTU.woff                         52.02 kB
dist/assets/klee-one-9-600-normal-CUiZLGrp.woff2                         52.16 kB
dist/assets/klee-one-31-600-normal-C1ThOaUB.woff2                        53.40 kB
dist/assets/m-plus-rounded-1c-latin-ext-500-normal-DXB1kjvq.woff         54.36 kB
dist/assets/klee-one-39-600-normal-DDpNbilB.woff                         54.52 kB
dist/assets/klee-one-5-600-normal-D83HerFT.woff                          54.54 kB
dist/assets/klee-one-28-600-normal-DLYtI-DM.woff                         54.57 kB
dist/assets/klee-one-24-600-normal-Bv4FcwJz.woff2                        54.59 kB
dist/assets/m-plus-rounded-1c-latin-ext-700-normal-bsly8NWZ.woff         55.15 kB
dist/assets/m-plus-rounded-1c-latin-ext-800-normal-DMFPqSM3.woff         55.42 kB
dist/assets/klee-one-19-600-normal-Da7VzLsB.woff                         55.51 kB
dist/assets/klee-one-8-600-normal-CKdcnHu4.woff                          56.42 kB
dist/assets/klee-one-35-600-normal-DMQCdtEN.woff                         57.01 kB
dist/assets/klee-one-34-600-normal-N6U4DzTv.woff2                        57.11 kB
dist/assets/klee-one-29-600-normal-U9AAhUfD.woff                         57.19 kB
dist/assets/klee-one-25-600-normal-CkkW-RO-.woff                         57.25 kB
dist/assets/klee-one-10-600-normal-Cd3L5hmq.woff                         58.04 kB
dist/assets/klee-one-41-600-normal-D9SXq1YK.woff                         58.88 kB
dist/assets/klee-one-6-600-normal-Ddp-QXHA.woff                          59.15 kB
dist/assets/klee-one-17-600-normal-2iJ5SdZs.woff                         59.48 kB
dist/assets/klee-one-11-600-normal-roDxwJGE.woff                         59.86 kB
dist/assets/klee-one-15-600-normal-ChrGZza6.woff                         60.12 kB
dist/assets/klee-one-7-600-normal-DEzvRgMU.woff                          60.13 kB
dist/assets/klee-one-23-600-normal-CFtUsrnX.woff2                        60.42 kB
dist/assets/klee-one-9-600-normal-zU7EbS8R.woff                          60.57 kB
dist/assets/klee-one-31-600-normal-BLpCCqHn.woff                         62.82 kB
dist/assets/klee-one-24-600-normal-DpEpwIS8.woff                         63.87 kB
dist/assets/klee-one-34-600-normal-niaG3_ye.woff                         66.31 kB
dist/assets/klee-one-23-600-normal-BWGwQ4sE.woff                         71.29 kB
dist/assets/index-CPKpX2W0.css                                        1,168.21 kB Ôöé gzip: 496.01 kB
dist/assets/index-UNnNwyD7.js                                           302.88 kB Ôöé gzip:  86.60 kB

[32mÔ£ô built in 1.67s[39m
